> Ready on http://localhost:3000
> Socket.IO available at ws://localhost:3000/api/socketio
 GET / 200 in 808ms (next.js: 464ms, application-code: 343ms)
[browser] [locator-js] React instance (react-server-dom-turbopack v19.3.0-experimental-3f0b9e61-20260317) is not supported (file://F:/Projects/Software Orbits/sotest/.next/dev/static/chunks/node_modules_next_dist_1ybzpk2._.js:2489:13)
[browser] [locator-js] React instance (react-dom v19.3.0-canary-3f0b9e61-20260317) is not supported (file://F:/Projects/Software Orbits/sotest/.next/dev/static/chunks/node_modules_next_dist_1ybzpk2._.js:2489:13)
Client connected: SVHQCJLARJpIx0zdAAAB
[browser] A tree hydrated but some attributes of the server rendered HTML didn't match the client properties. This won't be patched up. This can happen if a SSR-ed Client Component used:

- A server/client branch `if (typeof window !== 'undefined')`.
- Variable input such as `Date.now()` or `Math.random()` which changes each time it's called.
- Date formatting in a user's locale which doesn't match the server.
- External changing data without sending a snapshot of it along with the HTML.
- Invalid HTML tag nesting.

It can also happen if the client has a browser extension installed which messes with the HTML before React loaded.

https://react.dev/link/hydration-mismatch

  ...
    <HotReload globalError={[...]} webSocket={WebSocket} staticIndicatorState={{pathname:null, ...}}>
      <AppDevOverlayErrorBoundary globalError={[...]}>
        <ReplaySsrOnlyErrors>
        <DevRootHTTPAccessFallbackBoundary>
          <HTTPAccessFallbackBoundary notFound={<NotAllowedRootHTTPFallbackError>}>
            <HTTPAccessFallbackErrorBoundary pathname="/" notFound={<NotAllowedRootHTTPFallbackError>} ...>
              <RedirectBoundary>
                <RedirectErrorBoundary router={{...}}>
                  <Head>
                  <__next_root_layout_boundary__>
                    <SegmentViewNode type="layout" pagePath="layout.tsx">
                      <SegmentTrieNode>
                      <link>
                      <script>
                      <script>
                      <RootLayout>
                        <html
                          lang="en"
                          className="geist_a71539c9-module__T19VSG__variable geist_mono_8d43a2aa-module__8Li5zG__varia..."
-                         data-locator-target="vscode"
                        >
                  ...
 
    at <unknown> (file://F:/Projects/Software Orbits/sotest/.next/dev/static/chunks/node_modules_next_dist_compiled_react-dom_096_9a-._.js:3439:25)
    at runWithFiberInDEV (file://F:/Projects/Software Orbits/sotest/.next/dev/static/chunks/node_modules_next_dist_compiled_react-dom_096_9a-._.js:965:74)
    at emitPendingHydrationWarnings (file://F:/Projects/Software Orbits/sotest/.next/dev/static/chunks/node_modules_next_dist_compiled_react-dom_096_9a-._.js:3438:13)
    at completeWork (file://F:/Projects/Software Orbits/sotest/.next/dev/static/chunks/node_modules_next_dist_compiled_react-dom_096_9a-._.js:6885:102)
    at runWithFiberInDEV (file://F:/Projects/Software Orbits/sotest/.next/dev/static/chunks/node_modules_next_dist_compiled_react-dom_096_9a-._.js:965:131)
    at completeUnitOfWork (file://F:/Projects/Software Orbits/sotest/.next/dev/static/chunks/node_modules_next_dist_compiled_react-dom_096_9a-._.js:9622:23)
    at performUnitOfWork (file://F:/Projects/Software Orbits/sotest/.next/dev/static/chunks/node_modules_next_dist_compiled_react-dom_096_9a-._.js:9557:28)
    at workLoopConcurrentByScheduler (file://F:/Projects/Software Orbits/sotest/.next/dev/static/chunks/node_modules_next_dist_compiled_react-dom_096_9a-._.js:9551:58)
    at renderRootConcurrent (file://F:/Projects/Software Orbits/sotest/.next/dev/static/chunks/node_modules_next_dist_compiled_react-dom_096_9a-._.js:9534:71)
    at performWorkOnRoot (file://F:/Projects/Software Orbits/sotest/.next/dev/static/chunks/node_modules_next_dist_compiled_react-dom_096_9a-._.js:9061:150)
    at performWorkOnRootViaSchedulerTask (file://F:/Projects/Software Orbits/sotest/.next/dev/static/chunks/node_modules_next_dist_compiled_react-dom_096_9a-._.js:10255:9)
    at MessagePort.performWorkUntilDeadline (file://F:/Projects/Software Orbits/sotest/.next/dev/static/chunks/node_modules_next_dist_compiled_1amofcm._.js:2647:64) (file://F:/Projects/Software Orbits/sotest/.next/dev/static/chunks/node_modules_next_dist_compiled_react-dom_096_9a-._.js:3439:25)
(node:14544) Warning: SECURITY WARNING: The SSL modes 'prefer', 'require', and 'verify-ca' are treated as aliases for 'verify-full'.
In the next major version (pg-connection-string v3.0.0 and pg v9.0.0), these modes will adopt standard libpq semantics, which have weaker security guarantees.

To prepare for this change:
- If you want the current behavior, explicitly use 'sslmode=verify-full'
- If you want libpq compatibility now, use 'uselibpqcompat=true&sslmode=require'

See https://www.postgresql.org/docs/current/libpq-ssl.html for libpq SSL mode definitions.
(Use `node --trace-warnings ...` to show where the warning was created)
[browser] [locatorjs]: ok (file://F:/Projects/Software Orbits/sotest/.next/dev/static/chunks/node_modules_next_dist_1ybzpk2._.js:2489:13)
prisma:query SELECT COUNT(*) AS "_count$_all" FROM (SELECT "public"."Seat"."id" FROM "public"."Seat" WHERE 1=1 OFFSET $1) AS "sub"
 GET /api/auth/session 200 in 1744ms (next.js: 1717ms, application-code: 27ms)
prisma:query SELECT "public"."Seat"."id", "public"."Seat"."seatLabel", "public"."Seat"."rowChar", "public"."Seat"."seatNumber", "public"."Seat"."createdAt" FROM "public"."Seat" WHERE 1=1 ORDER BY "public"."Seat"."rowChar" ASC, "public"."Seat"."seatNumber" ASC OFFSET $1
prisma:query SELECT "public"."ReservationSeat"."id", "public"."ReservationSeat"."reservationId", "public"."ReservationSeat"."seatId", "public"."ReservationSeat"."createdAt" FROM "public"."ReservationSeat" WHERE "public"."ReservationSeat"."seatId" IN ($1,$2,$3,$4,$5,$6,$7,$8,$9,$10,$11,$12,$13,$14,$15,$16,$17,$18,$19,$20,$21,$22,$23,$24,$25,$26,$27,$28,$29,$30,$31,$32,$33,$34,$35,$36,$37,$38,$39,$40,$41,$42,$43,$44,$45,$46,$47,$48,$49,$50) ORDER BY "public"."ReservationSeat"."id" ASC OFFSET $51
prisma:query SELECT COUNT(*) AS "_count$_all" FROM (SELECT "public"."Seat"."id" FROM "public"."Seat" WHERE 1=1 OFFSET $1) AS "sub"
prisma:query SELECT "public"."Reservation"."id", "public"."Reservation"."userId", "public"."Reservation"."createdAt" FROM "public"."Reservation" WHERE "public"."Reservation"."id" IN (NULL) OFFSET $1
prisma:query SELECT "public"."Seat"."id", "public"."Seat"."seatLabel", "public"."Seat"."rowChar", "public"."Seat"."seatNumber", "public"."Seat"."createdAt" FROM "public"."Seat" WHERE 1=1 ORDER BY "public"."Seat"."rowChar" ASC, "public"."Seat"."seatNumber" ASC OFFSET $1
prisma:query SELECT "public"."User"."id", "public"."User"."email", "public"."User"."name" FROM "public"."User" WHERE "public"."User"."id" IN (NULL) OFFSET $1
 GET /api/seats 200 in 3.1s (next.js: 303ms, application-code: 2.8s)
prisma:query SELECT "public"."ReservationSeat"."id", "public"."ReservationSeat"."reservationId", "public"."ReservationSeat"."seatId", "public"."ReservationSeat"."createdAt" FROM "public"."ReservationSeat" WHERE "public"."ReservationSeat"."seatId" IN ($1,$2,$3,$4,$5,$6,$7,$8,$9,$10,$11,$12,$13,$14,$15,$16,$17,$18,$19,$20,$21,$22,$23,$24,$25,$26,$27,$28,$29,$30,$31,$32,$33,$34,$35,$36,$37,$38,$39,$40,$41,$42,$43,$44,$45,$46,$47,$48,$49,$50) ORDER BY "public"."ReservationSeat"."id" ASC OFFSET $51
prisma:query SELECT "public"."Reservation"."id", "public"."Reservation"."userId", "public"."Reservation"."createdAt" FROM "public"."Reservation" WHERE "public"."Reservation"."id" IN (NULL) OFFSET $1
prisma:query SELECT "public"."User"."id", "public"."User"."email", "public"."User"."name" FROM "public"."User" WHERE "public"."User"."id" IN (NULL) OFFSET $1
 GET /api/seats 200 in 2.3s (next.js: 4ms, application-code: 2.3s)
 GET /api/auth/providers 200 in 48ms (next.js: 16ms, application-code: 32ms)
 GET /api/auth/csrf 200 in 36ms (next.js: 4ms, application-code: 32ms)
prisma:query SELECT "public"."User"."id", "public"."User"."email", "public"."User"."name", "public"."User"."passwordHash", "public"."User"."createdAt", "public"."User"."updatedAt" FROM "public"."User" WHERE ("public"."User"."email" = $1 AND 1=1) LIMIT $2 OFFSET $3
 POST /api/auth/callback/credentials 200 in 392ms (next.js: 4ms, application-code: 388ms)
 GET /api/auth/session 200 in 44ms (next.js: 4ms, application-code: 40ms)
prisma:query SELECT "public"."Seat"."id", "public"."Seat"."seatLabel", "public"."Seat"."rowChar", "public"."Seat"."seatNumber", "public"."Seat"."createdAt" FROM "public"."Seat" WHERE "public"."Seat"."id" IN ($1) OFFSET $2
prisma:query INSERT INTO "public"."Reservation" ("id","userId","createdAt") VALUES ($1,$2,$3) RETURNING "public"."Reservation"."id", "public"."Reservation"."userId", "public"."Reservation"."createdAt"
prisma:query INSERT INTO "public"."ReservationSeat" ("id","reservationId","seatId","createdAt") VALUES ($1,$2,$3,$4) RETURNING "public"."ReservationSeat"."id", "public"."ReservationSeat"."reservationId", "public"."ReservationSeat"."seatId", "public"."ReservationSeat"."createdAt"
prisma:query COMMIT
 POST /api/reservations 200 in 1542ms (next.js: 454ms, application-code: 1088ms)
 GET /api/auth/csrf 200 in 43ms (next.js: 16ms, application-code: 27ms)
prisma:query SELECT COUNT(*) AS "_count$_all" FROM (SELECT "public"."Seat"."id" FROM "public"."Seat" WHERE 1=1 OFFSET $1) AS "sub"
prisma:query SELECT "public"."Seat"."id", "public"."Seat"."seatLabel", "public"."Seat"."rowChar", "public"."Seat"."seatNumber", "public"."Seat"."createdAt" FROM "public"."Seat" WHERE 1=1 ORDER BY "public"."Seat"."rowChar" ASC, "public"."Seat"."seatNumber" ASC OFFSET $1
prisma:query SELECT "public"."ReservationSeat"."id", "public"."ReservationSeat"."reservationId", "public"."ReservationSeat"."seatId", "public"."ReservationSeat"."createdAt" FROM "public"."ReservationSeat" WHERE "public"."ReservationSeat"."seatId" IN ($1,$2,$3,$4,$5,$6,$7,$8,$9,$10,$11,$12,$13,$14,$15,$16,$17,$18,$19,$20,$21,$22,$23,$24,$25,$26,$27,$28,$29,$30,$31,$32,$33,$34,$35,$36,$37,$38,$39,$40,$41,$42,$43,$44,$45,$46,$47,$48,$49,$50) ORDER BY "public"."ReservationSeat"."id" ASC OFFSET $51
prisma:query SELECT "public"."Reservation"."id", "public"."Reservation"."userId", "public"."Reservation"."createdAt" FROM "public"."Reservation" WHERE "public"."Reservation"."id" IN ($1) OFFSET $2
prisma:query SELECT "public"."User"."id", "public"."User"."email", "public"."User"."name" FROM "public"."User" WHERE "public"."User"."id" IN ($1) OFFSET $2
 GET /api/seats 200 in 1047ms (next.js: 5ms, application-code: 1042ms)
prisma:query SELECT COUNT(*) AS "_count$_all" FROM (SELECT "public"."Seat"."id" FROM "public"."Seat" WHERE 1=1 OFFSET $1) AS "sub"
prisma:query SELECT "public"."Seat"."id", "public"."Seat"."seatLabel", "public"."Seat"."rowChar", "public"."Seat"."seatNumber", "public"."Seat"."createdAt" FROM "public"."Seat" WHERE 1=1 ORDER BY "public"."Seat"."rowChar" ASC, "public"."Seat"."seatNumber" ASC OFFSET $1
prisma:query SELECT "public"."ReservationSeat"."id", "public"."ReservationSeat"."reservationId", "public"."ReservationSeat"."seatId", "public"."ReservationSeat"."createdAt" FROM "public"."ReservationSeat" WHERE "public"."ReservationSeat"."seatId" IN ($1,$2,$3,$4,$5,$6,$7,$8,$9,$10,$11,$12,$13,$14,$15,$16,$17,$18,$19,$20,$21,$22,$23,$24,$25,$26,$27,$28,$29,$30,$31,$32,$33,$34,$35,$36,$37,$38,$39,$40,$41,$42,$43,$44,$45,$46,$47,$48,$49,$50) ORDER BY "public"."ReservationSeat"."id" ASC OFFSET $51
prisma:query SELECT "public"."Reservation"."id", "public"."Reservation"."userId", "public"."Reservation"."createdAt" FROM "public"."Reservation" WHERE "public"."Reservation"."id" IN ($1) OFFSET $2
prisma:query SELECT "public"."User"."id", "public"."User"."email", "public"."User"."name" FROM "public"."User" WHERE "public"."User"."id" IN ($1) OFFSET $2
 GET /api/seats 200 in 1247ms (next.js: 3ms, application-code: 1243ms)
prisma:query SELECT "public"."Seat"."id", "public"."Seat"."seatLabel", "public"."Seat"."rowChar", "public"."Seat"."seatNumber", "public"."Seat"."createdAt" FROM "public"."Seat" WHERE 1=1 OFFSET $1
prisma:query SELECT "public"."ReservationSeat"."id", "public"."ReservationSeat"."reservationId", "public"."ReservationSeat"."seatId", "public"."ReservationSeat"."createdAt" FROM "public"."ReservationSeat" WHERE "public"."ReservationSeat"."seatId" IN ($1,$2,$3,$4,$5,$6,$7,$8,$9,$10,$11,$12,$13,$14,$15,$16,$17,$18,$19,$20,$21,$22,$23,$24,$25,$26,$27,$28,$29,$30,$31,$32,$33,$34,$35,$36,$37,$38,$39,$40,$41,$42,$43,$44,$45,$46,$47,$48,$49,$50) ORDER BY "public"."ReservationSeat"."id" ASC OFFSET $51
prisma:query INSERT INTO "public"."User" ("id","email","name","passwordHash","createdAt","updatedAt") VALUES ($1,$2,$3,$4,$5,$6) RETURNING "public"."User"."id", "public"."User"."email", "public"."User"."name", "public"."User"."passwordHash", "public"."User"."createdAt", "public"."User"."updatedAt"
prisma:query INSERT INTO "public"."User" ("id","email","name","passwordHash","createdAt","updatedAt") VALUES ($1,$2,$3,$4,$5,$6) RETURNING "public"."User"."id", "public"."User"."email", "public"."User"."name", "public"."User"."passwordHash", "public"."User"."createdAt", "public"."User"."updatedAt"
prisma:query INSERT INTO "public"."User" ("id","email","name","passwordHash","createdAt","updatedAt") VALUES ($1,$2,$3,$4,$5,$6) RETURNING "public"."User"."id", "public"."User"."email", "public"."User"."name", "public"."User"."passwordHash", "public"."User"."createdAt", "public"."User"."updatedAt"
prisma:query INSERT INTO "public"."User" ("id","email","name","passwordHash","createdAt","updatedAt") VALUES ($1,$2,$3,$4,$5,$6) RETURNING "public"."User"."id", "public"."User"."email", "public"."User"."name", "public"."User"."passwordHash", "public"."User"."createdAt", "public"."User"."updatedAt"
prisma:query INSERT INTO "public"."User" ("id","email","name","passwordHash","createdAt","updatedAt") VALUES ($1,$2,$3,$4,$5,$6) RETURNING "public"."User"."id", "public"."User"."email", "public"."User"."name", "public"."User"."passwordHash", "public"."User"."createdAt", "public"."User"."updatedAt"
prisma:query INSERT INTO "public"."User" ("id","email","name","passwordHash","createdAt","updatedAt") VALUES ($1,$2,$3,$4,$5,$6) RETURNING "public"."User"."id", "public"."User"."email", "public"."User"."name", "public"."User"."passwordHash", "public"."User"."createdAt", "public"."User"."updatedAt"
prisma:query INSERT INTO "public"."User" ("id","email","name","passwordHash","createdAt","updatedAt") VALUES ($1,$2,$3,$4,$5,$6) RETURNING "public"."User"."id", "public"."User"."email", "public"."User"."name", "public"."User"."passwordHash", "public"."User"."createdAt", "public"."User"."updatedAt"
prisma:query INSERT INTO "public"."User" ("id","email","name","passwordHash","createdAt","updatedAt") VALUES ($1,$2,$3,$4,$5,$6) RETURNING "public"."User"."id", "public"."User"."email", "public"."User"."name", "public"."User"."passwordHash", "public"."User"."createdAt", "public"."User"."updatedAt"
prisma:query INSERT INTO "public"."User" ("id","email","name","passwordHash","createdAt","updatedAt") VALUES ($1,$2,$3,$4,$5,$6) RETURNING "public"."User"."id", "public"."User"."email", "public"."User"."name", "public"."User"."passwordHash", "public"."User"."createdAt", "public"."User"."updatedAt"
prisma:query INSERT INTO "public"."User" ("id","email","name","passwordHash","createdAt","updatedAt") VALUES ($1,$2,$3,$4,$5,$6) RETURNING "public"."User"."id", "public"."User"."email", "public"."User"."name", "public"."User"."passwordHash", "public"."User"."createdAt", "public"."User"."updatedAt"
prisma:query INSERT INTO "public"."User" ("id","email","name","passwordHash","createdAt","updatedAt") VALUES ($1,$2,$3,$4,$5,$6) RETURNING "public"."User"."id", "public"."User"."email", "public"."User"."name", "public"."User"."passwordHash", "public"."User"."createdAt", "public"."User"."updatedAt"
prisma:query INSERT INTO "public"."User" ("id","email","name","passwordHash","createdAt","updatedAt") VALUES ($1,$2,$3,$4,$5,$6) RETURNING "public"."User"."id", "public"."User"."email", "public"."User"."name", "public"."User"."passwordHash", "public"."User"."createdAt", "public"."User"."updatedAt"
prisma:query INSERT INTO "public"."User" ("id","email","name","passwordHash","createdAt","updatedAt") VALUES ($1,$2,$3,$4,$5,$6) RETURNING "public"."User"."id", "public"."User"."email", "public"."User"."name", "public"."User"."passwordHash", "public"."User"."createdAt", "public"."User"."updatedAt"
prisma:query INSERT INTO "public"."User" ("id","email","name","passwordHash","createdAt","updatedAt") VALUES ($1,$2,$3,$4,$5,$6) RETURNING "public"."User"."id", "public"."User"."email", "public"."User"."name", "public"."User"."passwordHash", "public"."User"."createdAt", "public"."User"."updatedAt"
prisma:query INSERT INTO "public"."User" ("id","email","name","passwordHash","createdAt","updatedAt") VALUES ($1,$2,$3,$4,$5,$6) RETURNING "public"."User"."id", "public"."User"."email", "public"."User"."name", "public"."User"."passwordHash", "public"."User"."createdAt", "public"."User"."updatedAt"
prisma:query INSERT INTO "public"."User" ("id","email","name","passwordHash","createdAt","updatedAt") VALUES ($1,$2,$3,$4,$5,$6) RETURNING "public"."User"."id", "public"."User"."email", "public"."User"."name", "public"."User"."passwordHash", "public"."User"."createdAt", "public"."User"."updatedAt"
prisma:query INSERT INTO "public"."User" ("id","email","name","passwordHash","createdAt","updatedAt") VALUES ($1,$2,$3,$4,$5,$6) RETURNING "public"."User"."id", "public"."User"."email", "public"."User"."name", "public"."User"."passwordHash", "public"."User"."createdAt", "public"."User"."updatedAt"
prisma:query INSERT INTO "public"."User" ("id","email","name","passwordHash","createdAt","updatedAt") VALUES ($1,$2,$3,$4,$5,$6) RETURNING "public"."User"."id", "public"."User"."email", "public"."User"."name", "public"."User"."passwordHash", "public"."User"."createdAt", "public"."User"."updatedAt"
prisma:query INSERT INTO "public"."User" ("id","email","name","passwordHash","createdAt","updatedAt") VALUES ($1,$2,$3,$4,$5,$6) RETURNING "public"."User"."id", "public"."User"."email", "public"."User"."name", "public"."User"."passwordHash", "public"."User"."createdAt", "public"."User"."updatedAt"
prisma:query INSERT INTO "public"."User" ("id","email","name","passwordHash","createdAt","updatedAt") VALUES ($1,$2,$3,$4,$5,$6) RETURNING "public"."User"."id", "public"."User"."email", "public"."User"."name", "public"."User"."passwordHash", "public"."User"."createdAt", "public"."User"."updatedAt"
prisma:query INSERT INTO "public"."User" ("id","email","name","passwordHash","createdAt","updatedAt") VALUES ($1,$2,$3,$4,$5,$6) RETURNING "public"."User"."id", "public"."User"."email", "public"."User"."name", "public"."User"."passwordHash", "public"."User"."createdAt", "public"."User"."updatedAt"
prisma:query INSERT INTO "public"."User" ("id","email","name","passwordHash","createdAt","updatedAt") VALUES ($1,$2,$3,$4,$5,$6) RETURNING "public"."User"."id", "public"."User"."email", "public"."User"."name", "public"."User"."passwordHash", "public"."User"."createdAt", "public"."User"."updatedAt"
prisma:query INSERT INTO "public"."User" ("id","email","name","passwordHash","createdAt","updatedAt") VALUES ($1,$2,$3,$4,$5,$6) RETURNING "public"."User"."id", "public"."User"."email", "public"."User"."name", "public"."User"."passwordHash", "public"."User"."createdAt", "public"."User"."updatedAt"
prisma:query INSERT INTO "public"."User" ("id","email","name","passwordHash","createdAt","updatedAt") VALUES ($1,$2,$3,$4,$5,$6) RETURNING "public"."User"."id", "public"."User"."email", "public"."User"."name", "public"."User"."passwordHash", "public"."User"."createdAt", "public"."User"."updatedAt"
prisma:query INSERT INTO "public"."User" ("id","email","name","passwordHash","createdAt","updatedAt") VALUES ($1,$2,$3,$4,$5,$6) RETURNING "public"."User"."id", "public"."User"."email", "public"."User"."name", "public"."User"."passwordHash", "public"."User"."createdAt", "public"."User"."updatedAt"
prisma:query INSERT INTO "public"."User" ("id","email","name","passwordHash","createdAt","updatedAt") VALUES ($1,$2,$3,$4,$5,$6) RETURNING "public"."User"."id", "public"."User"."email", "public"."User"."name", "public"."User"."passwordHash", "public"."User"."createdAt", "public"."User"."updatedAt"
prisma:query INSERT INTO "public"."User" ("id","email","name","passwordHash","createdAt","updatedAt") VALUES ($1,$2,$3,$4,$5,$6) RETURNING "public"."User"."id", "public"."User"."email", "public"."User"."name", "public"."User"."passwordHash", "public"."User"."createdAt", "public"."User"."updatedAt"
prisma:query INSERT INTO "public"."User" ("id","email","name","passwordHash","createdAt","updatedAt") VALUES ($1,$2,$3,$4,$5,$6) RETURNING "public"."User"."id", "public"."User"."email", "public"."User"."name", "public"."User"."passwordHash", "public"."User"."createdAt", "public"."User"."updatedAt"
prisma:query INSERT INTO "public"."User" ("id","email","name","passwordHash","createdAt","updatedAt") VALUES ($1,$2,$3,$4,$5,$6) RETURNING "public"."User"."id", "public"."User"."email", "public"."User"."name", "public"."User"."passwordHash", "public"."User"."createdAt", "public"."User"."updatedAt"
prisma:query INSERT INTO "public"."User" ("id","email","name","passwordHash","createdAt","updatedAt") VALUES ($1,$2,$3,$4,$5,$6) RETURNING "public"."User"."id", "public"."User"."email", "public"."User"."name", "public"."User"."passwordHash", "public"."User"."createdAt", "public"."User"."updatedAt"
prisma:query INSERT INTO "public"."User" ("id","email","name","passwordHash","createdAt","updatedAt") VALUES ($1,$2,$3,$4,$5,$6) RETURNING "public"."User"."id", "public"."User"."email", "public"."User"."name", "public"."User"."passwordHash", "public"."User"."createdAt", "public"."User"."updatedAt"
prisma:query INSERT INTO "public"."User" ("id","email","name","passwordHash","createdAt","updatedAt") VALUES ($1,$2,$3,$4,$5,$6) RETURNING "public"."User"."id", "public"."User"."email", "public"."User"."name", "public"."User"."passwordHash", "public"."User"."createdAt", "public"."User"."updatedAt"
prisma:query INSERT INTO "public"."User" ("id","email","name","passwordHash","createdAt","updatedAt") VALUES ($1,$2,$3,$4,$5,$6) RETURNING "public"."User"."id", "public"."User"."email", "public"."User"."name", "public"."User"."passwordHash", "public"."User"."createdAt", "public"."User"."updatedAt"
prisma:query INSERT INTO "public"."User" ("id","email","name","passwordHash","createdAt","updatedAt") VALUES ($1,$2,$3,$4,$5,$6) RETURNING "public"."User"."id", "public"."User"."email", "public"."User"."name", "public"."User"."passwordHash", "public"."User"."createdAt", "public"."User"."updatedAt"
prisma:query INSERT INTO "public"."User" ("id","email","name","passwordHash","createdAt","updatedAt") VALUES ($1,$2,$3,$4,$5,$6) RETURNING "public"."User"."id", "public"."User"."email", "public"."User"."name", "public"."User"."passwordHash", "public"."User"."createdAt", "public"."User"."updatedAt"
prisma:query INSERT INTO "public"."User" ("id","email","name","passwordHash","createdAt","updatedAt") VALUES ($1,$2,$3,$4,$5,$6) RETURNING "public"."User"."id", "public"."User"."email", "public"."User"."name", "public"."User"."passwordHash", "public"."User"."createdAt", "public"."User"."updatedAt"
prisma:query INSERT INTO "public"."User" ("id","email","name","passwordHash","createdAt","updatedAt") VALUES ($1,$2,$3,$4,$5,$6) RETURNING "public"."User"."id", "public"."User"."email", "public"."User"."name", "public"."User"."passwordHash", "public"."User"."createdAt", "public"."User"."updatedAt"
prisma:query INSERT INTO "public"."User" ("id","email","name","passwordHash","createdAt","updatedAt") VALUES ($1,$2,$3,$4,$5,$6) RETURNING "public"."User"."id", "public"."User"."email", "public"."User"."name", "public"."User"."passwordHash", "public"."User"."createdAt", "public"."User"."updatedAt"
prisma:query INSERT INTO "public"."User" ("id","email","name","passwordHash","createdAt","updatedAt") VALUES ($1,$2,$3,$4,$5,$6) RETURNING "public"."User"."id", "public"."User"."email", "public"."User"."name", "public"."User"."passwordHash", "public"."User"."createdAt", "public"."User"."updatedAt"
prisma:query INSERT INTO "public"."User" ("id","email","name","passwordHash","createdAt","updatedAt") VALUES ($1,$2,$3,$4,$5,$6) RETURNING "public"."User"."id", "public"."User"."email", "public"."User"."name", "public"."User"."passwordHash", "public"."User"."createdAt", "public"."User"."updatedAt"
prisma:query INSERT INTO "public"."User" ("id","email","name","passwordHash","createdAt","updatedAt") VALUES ($1,$2,$3,$4,$5,$6) RETURNING "public"."User"."id", "public"."User"."email", "public"."User"."name", "public"."User"."passwordHash", "public"."User"."createdAt", "public"."User"."updatedAt"
prisma:query INSERT INTO "public"."User" ("id","email","name","passwordHash","createdAt","updatedAt") VALUES ($1,$2,$3,$4,$5,$6) RETURNING "public"."User"."id", "public"."User"."email", "public"."User"."name", "public"."User"."passwordHash", "public"."User"."createdAt", "public"."User"."updatedAt"
prisma:query INSERT INTO "public"."User" ("id","email","name","passwordHash","createdAt","updatedAt") VALUES ($1,$2,$3,$4,$5,$6) RETURNING "public"."User"."id", "public"."User"."email", "public"."User"."name", "public"."User"."passwordHash", "public"."User"."createdAt", "public"."User"."updatedAt"
prisma:query INSERT INTO "public"."User" ("id","email","name","passwordHash","createdAt","updatedAt") VALUES ($1,$2,$3,$4,$5,$6) RETURNING "public"."User"."id", "public"."User"."email", "public"."User"."name", "public"."User"."passwordHash", "public"."User"."createdAt", "public"."User"."updatedAt"
prisma:query INSERT INTO "public"."User" ("id","email","name","passwordHash","createdAt","updatedAt") VALUES ($1,$2,$3,$4,$5,$6) RETURNING "public"."User"."id", "public"."User"."email", "public"."User"."name", "public"."User"."passwordHash", "public"."User"."createdAt", "public"."User"."updatedAt"
prisma:query INSERT INTO "public"."User" ("id","email","name","passwordHash","createdAt","updatedAt") VALUES ($1,$2,$3,$4,$5,$6) RETURNING "public"."User"."id", "public"."User"."email", "public"."User"."name", "public"."User"."passwordHash", "public"."User"."createdAt", "public"."User"."updatedAt"
prisma:query SELECT "public"."Seat"."id", "public"."Seat"."seatLabel", "public"."Seat"."rowChar", "public"."Seat"."seatNumber", "public"."Seat"."createdAt" FROM "public"."Seat" WHERE 1=1 ORDER BY "public"."Seat"."rowChar" ASC, "public"."Seat"."seatNumber" ASC OFFSET $1
prisma:query INSERT INTO "public"."User" ("id","email","name","passwordHash","createdAt","updatedAt") VALUES ($1,$2,$3,$4,$5,$6) RETURNING "public"."User"."id", "public"."User"."email", "public"."User"."name", "public"."User"."passwordHash", "public"."User"."createdAt", "public"."User"."updatedAt"
prisma:query SELECT "public"."ReservationSeat"."id", "public"."ReservationSeat"."reservationId", "public"."ReservationSeat"."seatId", "public"."ReservationSeat"."createdAt" FROM "public"."ReservationSeat" WHERE "public"."ReservationSeat"."seatId" IN ($1,$2,$3,$4,$5,$6,$7,$8,$9,$10,$11,$12,$13,$14,$15,$16,$17,$18,$19,$20,$21,$22,$23,$24,$25,$26,$27,$28,$29,$30,$31,$32,$33,$34,$35,$36,$37,$38,$39,$40,$41,$42,$43,$44,$45,$46,$47,$48,$49,$50) ORDER BY "public"."ReservationSeat"."id" ASC OFFSET $51
prisma:query INSERT INTO "public"."User" ("id","email","name","passwordHash","createdAt","updatedAt") VALUES ($1,$2,$3,$4,$5,$6) RETURNING "public"."User"."id", "public"."User"."email", "public"."User"."name", "public"."User"."passwordHash", "public"."User"."createdAt", "public"."User"."updatedAt"
prisma:query SELECT "public"."Reservation"."id", "public"."Reservation"."userId", "public"."Reservation"."createdAt" FROM "public"."Reservation" WHERE "public"."Reservation"."id" IN ($1) OFFSET $2
prisma:query INSERT INTO "public"."User" ("id","email","name","passwordHash","createdAt","updatedAt") VALUES ($1,$2,$3,$4,$5,$6) RETURNING "public"."User"."id", "public"."User"."email", "public"."User"."name", "public"."User"."passwordHash", "public"."User"."createdAt", "public"."User"."updatedAt"
prisma:query SELECT "public"."User"."id", "public"."User"."email", "public"."User"."name" FROM "public"."User" WHERE "public"."User"."id" IN ($1) OFFSET $2
 GET /api/seats/availability 200 in 2.3s (next.js: 263ms, application-code: 2.1s)
prisma:query INSERT INTO "public"."User" ("id","email","name","passwordHash","createdAt","updatedAt") VALUES ($1,$2,$3,$4,$5,$6) RETURNING "public"."User"."id", "public"."User"."email", "public"."User"."name", "public"."User"."passwordHash", "public"."User"."createdAt", "public"."User"."updatedAt"
prisma:query INSERT INTO "public"."User" ("id","email","name","passwordHash","createdAt","updatedAt") VALUES ($1,$2,$3,$4,$5,$6) RETURNING "public"."User"."id", "public"."User"."email", "public"."User"."name", "public"."User"."passwordHash", "public"."User"."createdAt", "public"."User"."updatedAt"
prisma:query INSERT INTO "public"."User" ("id","email","name","passwordHash","createdAt","updatedAt") VALUES ($1,$2,$3,$4,$5,$6) RETURNING "public"."User"."id", "public"."User"."email", "public"."User"."name", "public"."User"."passwordHash", "public"."User"."createdAt", "public"."User"."updatedAt"
prisma:query INSERT INTO "public"."User" ("id","email","name","passwordHash","createdAt","updatedAt") VALUES ($1,$2,$3,$4,$5,$6) RETURNING "public"."User"."id", "public"."User"."email", "public"."User"."name", "public"."User"."passwordHash", "public"."User"."createdAt", "public"."User"."updatedAt"
prisma:query INSERT INTO "public"."User" ("id","email","name","passwordHash","createdAt","updatedAt") VALUES ($1,$2,$3,$4,$5,$6) RETURNING "public"."User"."id", "public"."User"."email", "public"."User"."name", "public"."User"."passwordHash", "public"."User"."createdAt", "public"."User"."updatedAt"
prisma:query INSERT INTO "public"."User" ("id","email","name","passwordHash","createdAt","updatedAt") VALUES ($1,$2,$3,$4,$5,$6) RETURNING "public"."User"."id", "public"."User"."email", "public"."User"."name", "public"."User"."passwordHash", "public"."User"."createdAt", "public"."User"."updatedAt"
prisma:query INSERT INTO "public"."User" ("id","email","name","passwordHash","createdAt","updatedAt") VALUES ($1,$2,$3,$4,$5,$6) RETURNING "public"."User"."id", "public"."User"."email", "public"."User"."name", "public"."User"."passwordHash", "public"."User"."createdAt", "public"."User"."updatedAt"
prisma:query INSERT INTO "public"."User" ("id","email","name","passwordHash","createdAt","updatedAt") VALUES ($1,$2,$3,$4,$5,$6) RETURNING "public"."User"."id", "public"."User"."email", "public"."User"."name", "public"."User"."passwordHash", "public"."User"."createdAt", "public"."User"."updatedAt"
prisma:query INSERT INTO "public"."User" ("id","email","name","passwordHash","createdAt","updatedAt") VALUES ($1,$2,$3,$4,$5,$6) RETURNING "public"."User"."id", "public"."User"."email", "public"."User"."name", "public"."User"."passwordHash", "public"."User"."createdAt", "public"."User"."updatedAt"
prisma:query INSERT INTO "public"."User" ("id","email","name","passwordHash","createdAt","updatedAt") VALUES ($1,$2,$3,$4,$5,$6) RETURNING "public"."User"."id", "public"."User"."email", "public"."User"."name", "public"."User"."passwordHash", "public"."User"."createdAt", "public"."User"."updatedAt"
prisma:query INSERT INTO "public"."User" ("id","email","name","passwordHash","createdAt","updatedAt") VALUES ($1,$2,$3,$4,$5,$6) RETURNING "public"."User"."id", "public"."User"."email", "public"."User"."name", "public"."User"."passwordHash", "public"."User"."createdAt", "public"."User"."updatedAt"
prisma:query INSERT INTO "public"."User" ("id","email","name","passwordHash","createdAt","updatedAt") VALUES ($1,$2,$3,$4,$5,$6) RETURNING "public"."User"."id", "public"."User"."email", "public"."User"."name", "public"."User"."passwordHash", "public"."User"."createdAt", "public"."User"."updatedAt"
prisma:query INSERT INTO "public"."User" ("id","email","name","passwordHash","createdAt","updatedAt") VALUES ($1,$2,$3,$4,$5,$6) RETURNING "public"."User"."id", "public"."User"."email", "public"."User"."name", "public"."User"."passwordHash", "public"."User"."createdAt", "public"."User"."updatedAt"
prisma:query INSERT INTO "public"."User" ("id","email","name","passwordHash","createdAt","updatedAt") VALUES ($1,$2,$3,$4,$5,$6) RETURNING "public"."User"."id", "public"."User"."email", "public"."User"."name", "public"."User"."passwordHash", "public"."User"."createdAt", "public"."User"."updatedAt"
prisma:query INSERT INTO "public"."User" ("id","email","name","passwordHash","createdAt","updatedAt") VALUES ($1,$2,$3,$4,$5,$6) RETURNING "public"."User"."id", "public"."User"."email", "public"."User"."name", "public"."User"."passwordHash", "public"."User"."createdAt", "public"."User"."updatedAt"
prisma:query INSERT INTO "public"."User" ("id","email","name","passwordHash","createdAt","updatedAt") VALUES ($1,$2,$3,$4,$5,$6) RETURNING "public"."User"."id", "public"."User"."email", "public"."User"."name", "public"."User"."passwordHash", "public"."User"."createdAt", "public"."User"."updatedAt"
prisma:query INSERT INTO "public"."User" ("id","email","name","passwordHash","createdAt","updatedAt") VALUES ($1,$2,$3,$4,$5,$6) RETURNING "public"."User"."id", "public"."User"."email", "public"."User"."name", "public"."User"."passwordHash", "public"."User"."createdAt", "public"."User"."updatedAt"
prisma:query INSERT INTO "public"."User" ("id","email","name","passwordHash","createdAt","updatedAt") VALUES ($1,$2,$3,$4,$5,$6) RETURNING "public"."User"."id", "public"."User"."email", "public"."User"."name", "public"."User"."passwordHash", "public"."User"."createdAt", "public"."User"."updatedAt"
prisma:query INSERT INTO "public"."User" ("id","email","name","passwordHash","createdAt","updatedAt") VALUES ($1,$2,$3,$4,$5,$6) RETURNING "public"."User"."id", "public"."User"."email", "public"."User"."name", "public"."User"."passwordHash", "public"."User"."createdAt", "public"."User"."updatedAt"
prisma:query INSERT INTO "public"."User" ("id","email","name","passwordHash","createdAt","updatedAt") VALUES ($1,$2,$3,$4,$5,$6) RETURNING "public"."User"."id", "public"."User"."email", "public"."User"."name", "public"."User"."passwordHash", "public"."User"."createdAt", "public"."User"."updatedAt"
prisma:query INSERT INTO "public"."User" ("id","email","name","passwordHash","createdAt","updatedAt") VALUES ($1,$2,$3,$4,$5,$6) RETURNING "public"."User"."id", "public"."User"."email", "public"."User"."name", "public"."User"."passwordHash", "public"."User"."createdAt", "public"."User"."updatedAt"
prisma:query INSERT INTO "public"."User" ("id","email","name","passwordHash","createdAt","updatedAt") VALUES ($1,$2,$3,$4,$5,$6) RETURNING "public"."User"."id", "public"."User"."email", "public"."User"."name", "public"."User"."passwordHash", "public"."User"."createdAt", "public"."User"."updatedAt"
prisma:query INSERT INTO "public"."User" ("id","email","name","passwordHash","createdAt","updatedAt") VALUES ($1,$2,$3,$4,$5,$6) RETURNING "public"."User"."id", "public"."User"."email", "public"."User"."name", "public"."User"."passwordHash", "public"."User"."createdAt", "public"."User"."updatedAt"
prisma:query INSERT INTO "public"."User" ("id","email","name","passwordHash","createdAt","updatedAt") VALUES ($1,$2,$3,$4,$5,$6) RETURNING "public"."User"."id", "public"."User"."email", "public"."User"."name", "public"."User"."passwordHash", "public"."User"."createdAt", "public"."User"."updatedAt"
prisma:query INSERT INTO "public"."User" ("id","email","name","passwordHash","createdAt","updatedAt") VALUES ($1,$2,$3,$4,$5,$6) RETURNING "public"."User"."id", "public"."User"."email", "public"."User"."name", "public"."User"."passwordHash", "public"."User"."createdAt", "public"."User"."updatedAt"
prisma:query INSERT INTO "public"."User" ("id","email","name","passwordHash","createdAt","updatedAt") VALUES ($1,$2,$3,$4,$5,$6) RETURNING "public"."User"."id", "public"."User"."email", "public"."User"."name", "public"."User"."passwordHash", "public"."User"."createdAt", "public"."User"."updatedAt"
prisma:query INSERT INTO "public"."User" ("id","email","name","passwordHash","createdAt","updatedAt") VALUES ($1,$2,$3,$4,$5,$6) RETURNING "public"."User"."id", "public"."User"."email", "public"."User"."name", "public"."User"."passwordHash", "public"."User"."createdAt", "public"."User"."updatedAt"
prisma:query INSERT INTO "public"."User" ("id","email","name","passwordHash","createdAt","updatedAt") VALUES ($1,$2,$3,$4,$5,$6) RETURNING "public"."User"."id", "public"."User"."email", "public"."User"."name", "public"."User"."passwordHash", "public"."User"."createdAt", "public"."User"."updatedAt"
prisma:query INSERT INTO "public"."User" ("id","email","name","passwordHash","createdAt","updatedAt") VALUES ($1,$2,$3,$4,$5,$6) RETURNING "public"."User"."id", "public"."User"."email", "public"."User"."name", "public"."User"."passwordHash", "public"."User"."createdAt", "public"."User"."updatedAt"
prisma:query INSERT INTO "public"."User" ("id","email","name","passwordHash","createdAt","updatedAt") VALUES ($1,$2,$3,$4,$5,$6) RETURNING "public"."User"."id", "public"."User"."email", "public"."User"."name", "public"."User"."passwordHash", "public"."User"."createdAt", "public"."User"."updatedAt"
prisma:query INSERT INTO "public"."User" ("id","email","name","passwordHash","createdAt","updatedAt") VALUES ($1,$2,$3,$4,$5,$6) RETURNING "public"."User"."id", "public"."User"."email", "public"."User"."name", "public"."User"."passwordHash", "public"."User"."createdAt", "public"."User"."updatedAt"
prisma:query INSERT INTO "public"."User" ("id","email","name","passwordHash","createdAt","updatedAt") VALUES ($1,$2,$3,$4,$5,$6) RETURNING "public"."User"."id", "public"."User"."email", "public"."User"."name", "public"."User"."passwordHash", "public"."User"."createdAt", "public"."User"."updatedAt"
prisma:query INSERT INTO "public"."User" ("id","email","name","passwordHash","createdAt","updatedAt") VALUES ($1,$2,$3,$4,$5,$6) RETURNING "public"."User"."id", "public"."User"."email", "public"."User"."name", "public"."User"."passwordHash", "public"."User"."createdAt", "public"."User"."updatedAt"
prisma:query INSERT INTO "public"."User" ("id","email","name","passwordHash","createdAt","updatedAt") VALUES ($1,$2,$3,$4,$5,$6) RETURNING "public"."User"."id", "public"."User"."email", "public"."User"."name", "public"."User"."passwordHash", "public"."User"."createdAt", "public"."User"."updatedAt"
prisma:query INSERT INTO "public"."User" ("id","email","name","passwordHash","createdAt","updatedAt") VALUES ($1,$2,$3,$4,$5,$6) RETURNING "public"."User"."id", "public"."User"."email", "public"."User"."name", "public"."User"."passwordHash", "public"."User"."createdAt", "public"."User"."updatedAt"
prisma:query INSERT INTO "public"."User" ("id","email","name","passwordHash","createdAt","updatedAt") VALUES ($1,$2,$3,$4,$5,$6) RETURNING "public"."User"."id", "public"."User"."email", "public"."User"."name", "public"."User"."passwordHash", "public"."User"."createdAt", "public"."User"."updatedAt"
prisma:query INSERT INTO "public"."User" ("id","email","name","passwordHash","createdAt","updatedAt") VALUES ($1,$2,$3,$4,$5,$6) RETURNING "public"."User"."id", "public"."User"."email", "public"."User"."name", "public"."User"."passwordHash", "public"."User"."createdAt", "public"."User"."updatedAt"
prisma:query INSERT INTO "public"."User" ("id","email","name","passwordHash","createdAt","updatedAt") VALUES ($1,$2,$3,$4,$5,$6) RETURNING "public"."User"."id", "public"."User"."email", "public"."User"."name", "public"."User"."passwordHash", "public"."User"."createdAt", "public"."User"."updatedAt"
prisma:query INSERT INTO "public"."User" ("id","email","name","passwordHash","createdAt","updatedAt") VALUES ($1,$2,$3,$4,$5,$6) RETURNING "public"."User"."id", "public"."User"."email", "public"."User"."name", "public"."User"."passwordHash", "public"."User"."createdAt", "public"."User"."updatedAt"
prisma:query INSERT INTO "public"."User" ("id","email","name","passwordHash","createdAt","updatedAt") VALUES ($1,$2,$3,$4,$5,$6) RETURNING "public"."User"."id", "public"."User"."email", "public"."User"."name", "public"."User"."passwordHash", "public"."User"."createdAt", "public"."User"."updatedAt"
prisma:query INSERT INTO "public"."User" ("id","email","name","passwordHash","createdAt","updatedAt") VALUES ($1,$2,$3,$4,$5,$6) RETURNING "public"."User"."id", "public"."User"."email", "public"."User"."name", "public"."User"."passwordHash", "public"."User"."createdAt", "public"."User"."updatedAt"
prisma:query INSERT INTO "public"."User" ("id","email","name","passwordHash","createdAt","updatedAt") VALUES ($1,$2,$3,$4,$5,$6) RETURNING "public"."User"."id", "public"."User"."email", "public"."User"."name", "public"."User"."passwordHash", "public"."User"."createdAt", "public"."User"."updatedAt"
prisma:query INSERT INTO "public"."User" ("id","email","name","passwordHash","createdAt","updatedAt") VALUES ($1,$2,$3,$4,$5,$6) RETURNING "public"."User"."id", "public"."User"."email", "public"."User"."name", "public"."User"."passwordHash", "public"."User"."createdAt", "public"."User"."updatedAt"
prisma:query INSERT INTO "public"."User" ("id","email","name","passwordHash","createdAt","updatedAt") VALUES ($1,$2,$3,$4,$5,$6) RETURNING "public"."User"."id", "public"."User"."email", "public"."User"."name", "public"."User"."passwordHash", "public"."User"."createdAt", "public"."User"."updatedAt"
prisma:query INSERT INTO "public"."User" ("id","email","name","passwordHash","createdAt","updatedAt") VALUES ($1,$2,$3,$4,$5,$6) RETURNING "public"."User"."id", "public"."User"."email", "public"."User"."name", "public"."User"."passwordHash", "public"."User"."createdAt", "public"."User"."updatedAt"
prisma:query INSERT INTO "public"."User" ("id","email","name","passwordHash","createdAt","updatedAt") VALUES ($1,$2,$3,$4,$5,$6) RETURNING "public"."User"."id", "public"."User"."email", "public"."User"."name", "public"."User"."passwordHash", "public"."User"."createdAt", "public"."User"."updatedAt"
prisma:query INSERT INTO "public"."User" ("id","email","name","passwordHash","createdAt","updatedAt") VALUES ($1,$2,$3,$4,$5,$6) RETURNING "public"."User"."id", "public"."User"."email", "public"."User"."name", "public"."User"."passwordHash", "public"."User"."createdAt", "public"."User"."updatedAt"
prisma:query INSERT INTO "public"."User" ("id","email","name","passwordHash","createdAt","updatedAt") VALUES ($1,$2,$3,$4,$5,$6) RETURNING "public"."User"."id", "public"."User"."email", "public"."User"."name", "public"."User"."passwordHash", "public"."User"."createdAt", "public"."User"."updatedAt"
prisma:query INSERT INTO "public"."User" ("id","email","name","passwordHash","createdAt","updatedAt") VALUES ($1,$2,$3,$4,$5,$6) RETURNING "public"."User"."id", "public"."User"."email", "public"."User"."name", "public"."User"."passwordHash", "public"."User"."createdAt", "public"."User"."updatedAt"
prisma:query INSERT INTO "public"."User" ("id","email","name","passwordHash","createdAt","updatedAt") VALUES ($1,$2,$3,$4,$5,$6) RETURNING "public"."User"."id", "public"."User"."email", "public"."User"."name", "public"."User"."passwordHash", "public"."User"."createdAt", "public"."User"."updatedAt"
prisma:query INSERT INTO "public"."User" ("id","email","name","passwordHash","createdAt","updatedAt") VALUES ($1,$2,$3,$4,$5,$6) RETURNING "public"."User"."id", "public"."User"."email", "public"."User"."name", "public"."User"."passwordHash", "public"."User"."createdAt", "public"."User"."updatedAt"
prisma:query SELECT "public"."Seat"."id", "public"."Seat"."seatLabel", "public"."Seat"."rowChar", "public"."Seat"."seatNumber", "public"."Seat"."createdAt" FROM "public"."Seat" WHERE "public"."Seat"."id" IN ($1,$2,$3) OFFSET $4
prisma:query SELECT "public"."Seat"."id", "public"."Seat"."seatLabel", "public"."Seat"."rowChar", "public"."Seat"."seatNumber", "public"."Seat"."createdAt" FROM "public"."Seat" WHERE "public"."Seat"."id" IN ($1,$2,$3) OFFSET $4
prisma:query SELECT "public"."Seat"."id", "public"."Seat"."seatLabel", "public"."Seat"."rowChar", "public"."Seat"."seatNumber", "public"."Seat"."createdAt" FROM "public"."Seat" WHERE "public"."Seat"."id" IN ($1,$2) OFFSET $3
prisma:query SELECT "public"."Seat"."id", "public"."Seat"."seatLabel", "public"."Seat"."rowChar", "public"."Seat"."seatNumber", "public"."Seat"."createdAt" FROM "public"."Seat" WHERE "public"."Seat"."id" IN ($1,$2,$3) OFFSET $4
prisma:query SELECT "public"."Seat"."id", "public"."Seat"."seatLabel", "public"."Seat"."rowChar", "public"."Seat"."seatNumber", "public"."Seat"."createdAt" FROM "public"."Seat" WHERE "public"."Seat"."id" IN ($1,$2) OFFSET $3
prisma:query SELECT "public"."Seat"."id", "public"."Seat"."seatLabel", "public"."Seat"."rowChar", "public"."Seat"."seatNumber", "public"."Seat"."createdAt" FROM "public"."Seat" WHERE "public"."Seat"."id" IN ($1,$2,$3) OFFSET $4
prisma:query SELECT "public"."Seat"."id", "public"."Seat"."seatLabel", "public"."Seat"."rowChar", "public"."Seat"."seatNumber", "public"."Seat"."createdAt" FROM "public"."Seat" WHERE "public"."Seat"."id" IN ($1,$2) OFFSET $3
prisma:query SELECT "public"."Seat"."id", "public"."Seat"."seatLabel", "public"."Seat"."rowChar", "public"."Seat"."seatNumber", "public"."Seat"."createdAt" FROM "public"."Seat" WHERE "public"."Seat"."id" IN ($1) OFFSET $2
prisma:query SELECT "public"."Seat"."id", "public"."Seat"."seatLabel", "public"."Seat"."rowChar", "public"."Seat"."seatNumber", "public"."Seat"."createdAt" FROM "public"."Seat" WHERE "public"."Seat"."id" IN ($1,$2) OFFSET $3
prisma:query SELECT "public"."Seat"."id", "public"."Seat"."seatLabel", "public"."Seat"."rowChar", "public"."Seat"."seatNumber", "public"."Seat"."createdAt" FROM "public"."Seat" WHERE "public"."Seat"."id" IN ($1,$2,$3) OFFSET $4
prisma:query SELECT "public"."Seat"."id", "public"."Seat"."seatLabel", "public"."Seat"."rowChar", "public"."Seat"."seatNumber", "public"."Seat"."createdAt" FROM "public"."Seat" WHERE "public"."Seat"."id" IN ($1,$2) OFFSET $3
prisma:query SELECT "public"."Seat"."id", "public"."Seat"."seatLabel", "public"."Seat"."rowChar", "public"."Seat"."seatNumber", "public"."Seat"."createdAt" FROM "public"."Seat" WHERE "public"."Seat"."id" IN ($1,$2) OFFSET $3
prisma:query SELECT "public"."Seat"."id", "public"."Seat"."seatLabel", "public"."Seat"."rowChar", "public"."Seat"."seatNumber", "public"."Seat"."createdAt" FROM "public"."Seat" WHERE "public"."Seat"."id" IN ($1) OFFSET $2
prisma:query SELECT "public"."Seat"."id", "public"."Seat"."seatLabel", "public"."Seat"."rowChar", "public"."Seat"."seatNumber", "public"."Seat"."createdAt" FROM "public"."Seat" WHERE "public"."Seat"."id" IN ($1,$2,$3) OFFSET $4
prisma:query SELECT "public"."Seat"."id", "public"."Seat"."seatLabel", "public"."Seat"."rowChar", "public"."Seat"."seatNumber", "public"."Seat"."createdAt" FROM "public"."Seat" WHERE "public"."Seat"."id" IN ($1) OFFSET $2
prisma:query SELECT "public"."Seat"."id", "public"."Seat"."seatLabel", "public"."Seat"."rowChar", "public"."Seat"."seatNumber", "public"."Seat"."createdAt" FROM "public"."Seat" WHERE "public"."Seat"."id" IN ($1,$2,$3) OFFSET $4
prisma:query SELECT "public"."Seat"."id", "public"."Seat"."seatLabel", "public"."Seat"."rowChar", "public"."Seat"."seatNumber", "public"."Seat"."createdAt" FROM "public"."Seat" WHERE "public"."Seat"."id" IN ($1,$2,$3) OFFSET $4
prisma:query SELECT "public"."Seat"."id", "public"."Seat"."seatLabel", "public"."Seat"."rowChar", "public"."Seat"."seatNumber", "public"."Seat"."createdAt" FROM "public"."Seat" WHERE "public"."Seat"."id" IN ($1) OFFSET $2
prisma:query SELECT "public"."Seat"."id", "public"."Seat"."seatLabel", "public"."Seat"."rowChar", "public"."Seat"."seatNumber", "public"."Seat"."createdAt" FROM "public"."Seat" WHERE "public"."Seat"."id" IN ($1,$2,$3) OFFSET $4
prisma:query SELECT "public"."Seat"."id", "public"."Seat"."seatLabel", "public"."Seat"."rowChar", "public"."Seat"."seatNumber", "public"."Seat"."createdAt" FROM "public"."Seat" WHERE "public"."Seat"."id" IN ($1,$2) OFFSET $3
prisma:query SELECT "public"."Seat"."id", "public"."Seat"."seatLabel", "public"."Seat"."rowChar", "public"."Seat"."seatNumber", "public"."Seat"."createdAt" FROM "public"."Seat" WHERE "public"."Seat"."id" IN ($1,$2,$3) OFFSET $4
prisma:query SELECT "public"."Seat"."id", "public"."Seat"."seatLabel", "public"."Seat"."rowChar", "public"."Seat"."seatNumber", "public"."Seat"."createdAt" FROM "public"."Seat" WHERE "public"."Seat"."id" IN ($1) OFFSET $2
prisma:query SELECT "public"."Seat"."id", "public"."Seat"."seatLabel", "public"."Seat"."rowChar", "public"."Seat"."seatNumber", "public"."Seat"."createdAt" FROM "public"."Seat" WHERE "public"."Seat"."id" IN ($1,$2,$3) OFFSET $4
prisma:query SELECT "public"."Seat"."id", "public"."Seat"."seatLabel", "public"."Seat"."rowChar", "public"."Seat"."seatNumber", "public"."Seat"."createdAt" FROM "public"."Seat" WHERE "public"."Seat"."id" IN ($1) OFFSET $2
prisma:query SELECT "public"."Seat"."id", "public"."Seat"."seatLabel", "public"."Seat"."rowChar", "public"."Seat"."seatNumber", "public"."Seat"."createdAt" FROM "public"."Seat" WHERE "public"."Seat"."id" IN ($1,$2,$3) OFFSET $4
prisma:query SELECT "public"."Seat"."id", "public"."Seat"."seatLabel", "public"."Seat"."rowChar", "public"."Seat"."seatNumber", "public"."Seat"."createdAt" FROM "public"."Seat" WHERE "public"."Seat"."id" IN ($1,$2,$3) OFFSET $4
prisma:query SELECT "public"."Seat"."id", "public"."Seat"."seatLabel", "public"."Seat"."rowChar", "public"."Seat"."seatNumber", "public"."Seat"."createdAt" FROM "public"."Seat" WHERE "public"."Seat"."id" IN ($1,$2,$3) OFFSET $4
prisma:query SELECT "public"."Seat"."id", "public"."Seat"."seatLabel", "public"."Seat"."rowChar", "public"."Seat"."seatNumber", "public"."Seat"."createdAt" FROM "public"."Seat" WHERE "public"."Seat"."id" IN ($1,$2,$3) OFFSET $4
prisma:query SELECT "public"."Seat"."id", "public"."Seat"."seatLabel", "public"."Seat"."rowChar", "public"."Seat"."seatNumber", "public"."Seat"."createdAt" FROM "public"."Seat" WHERE "public"."Seat"."id" IN ($1,$2) OFFSET $3
prisma:query SELECT "public"."Seat"."id", "public"."Seat"."seatLabel", "public"."Seat"."rowChar", "public"."Seat"."seatNumber", "public"."Seat"."createdAt" FROM "public"."Seat" WHERE "public"."Seat"."id" IN ($1) OFFSET $2
prisma:query SELECT "public"."Seat"."id", "public"."Seat"."seatLabel", "public"."Seat"."rowChar", "public"."Seat"."seatNumber", "public"."Seat"."createdAt" FROM "public"."Seat" WHERE "public"."Seat"."id" IN ($1,$2) OFFSET $3
prisma:query SELECT "public"."Seat"."id", "public"."Seat"."seatLabel", "public"."Seat"."rowChar", "public"."Seat"."seatNumber", "public"."Seat"."createdAt" FROM "public"."Seat" WHERE "public"."Seat"."id" IN ($1,$2) OFFSET $3
prisma:query SELECT "public"."Seat"."id", "public"."Seat"."seatLabel", "public"."Seat"."rowChar", "public"."Seat"."seatNumber", "public"."Seat"."createdAt" FROM "public"."Seat" WHERE "public"."Seat"."id" IN ($1) OFFSET $2
prisma:query SELECT "public"."Seat"."id", "public"."Seat"."seatLabel", "public"."Seat"."rowChar", "public"."Seat"."seatNumber", "public"."Seat"."createdAt" FROM "public"."Seat" WHERE "public"."Seat"."id" IN ($1) OFFSET $2
prisma:query SELECT "public"."Seat"."id", "public"."Seat"."seatLabel", "public"."Seat"."rowChar", "public"."Seat"."seatNumber", "public"."Seat"."createdAt" FROM "public"."Seat" WHERE "public"."Seat"."id" IN ($1,$2) OFFSET $3
prisma:query SELECT "public"."Seat"."id", "public"."Seat"."seatLabel", "public"."Seat"."rowChar", "public"."Seat"."seatNumber", "public"."Seat"."createdAt" FROM "public"."Seat" WHERE "public"."Seat"."id" IN ($1,$2) OFFSET $3
prisma:query SELECT "public"."Seat"."id", "public"."Seat"."seatLabel", "public"."Seat"."rowChar", "public"."Seat"."seatNumber", "public"."Seat"."createdAt" FROM "public"."Seat" WHERE "public"."Seat"."id" IN ($1) OFFSET $2
prisma:query SELECT "public"."Seat"."id", "public"."Seat"."seatLabel", "public"."Seat"."rowChar", "public"."Seat"."seatNumber", "public"."Seat"."createdAt" FROM "public"."Seat" WHERE "public"."Seat"."id" IN ($1) OFFSET $2
prisma:query SELECT "public"."Seat"."id", "public"."Seat"."seatLabel", "public"."Seat"."rowChar", "public"."Seat"."seatNumber", "public"."Seat"."createdAt" FROM "public"."Seat" WHERE "public"."Seat"."id" IN ($1) OFFSET $2
prisma:query SELECT "public"."Seat"."id", "public"."Seat"."seatLabel", "public"."Seat"."rowChar", "public"."Seat"."seatNumber", "public"."Seat"."createdAt" FROM "public"."Seat" WHERE "public"."Seat"."id" IN ($1,$2,$3) OFFSET $4
prisma:query SELECT "public"."Seat"."id", "public"."Seat"."seatLabel", "public"."Seat"."rowChar", "public"."Seat"."seatNumber", "public"."Seat"."createdAt" FROM "public"."Seat" WHERE "public"."Seat"."id" IN ($1,$2,$3) OFFSET $4
prisma:query SELECT "public"."Seat"."id", "public"."Seat"."seatLabel", "public"."Seat"."rowChar", "public"."Seat"."seatNumber", "public"."Seat"."createdAt" FROM "public"."Seat" WHERE "public"."Seat"."id" IN ($1) OFFSET $2
prisma:query SELECT "public"."Seat"."id", "public"."Seat"."seatLabel", "public"."Seat"."rowChar", "public"."Seat"."seatNumber", "public"."Seat"."createdAt" FROM "public"."Seat" WHERE "public"."Seat"."id" IN ($1,$2) OFFSET $3
prisma:query SELECT "public"."Seat"."id", "public"."Seat"."seatLabel", "public"."Seat"."rowChar", "public"."Seat"."seatNumber", "public"."Seat"."createdAt" FROM "public"."Seat" WHERE "public"."Seat"."id" IN ($1,$2,$3) OFFSET $4
prisma:query SELECT "public"."Seat"."id", "public"."Seat"."seatLabel", "public"."Seat"."rowChar", "public"."Seat"."seatNumber", "public"."Seat"."createdAt" FROM "public"."Seat" WHERE "public"."Seat"."id" IN ($1,$2) OFFSET $3
prisma:query SELECT "public"."Seat"."id", "public"."Seat"."seatLabel", "public"."Seat"."rowChar", "public"."Seat"."seatNumber", "public"."Seat"."createdAt" FROM "public"."Seat" WHERE "public"."Seat"."id" IN ($1) OFFSET $2
prisma:query SELECT "public"."Seat"."id", "public"."Seat"."seatLabel", "public"."Seat"."rowChar", "public"."Seat"."seatNumber", "public"."Seat"."createdAt" FROM "public"."Seat" WHERE "public"."Seat"."id" IN ($1,$2,$3) OFFSET $4
prisma:query SELECT "public"."Seat"."id", "public"."Seat"."seatLabel", "public"."Seat"."rowChar", "public"."Seat"."seatNumber", "public"."Seat"."createdAt" FROM "public"."Seat" WHERE "public"."Seat"."id" IN ($1,$2,$3) OFFSET $4
prisma:query SELECT "public"."Seat"."id", "public"."Seat"."seatLabel", "public"."Seat"."rowChar", "public"."Seat"."seatNumber", "public"."Seat"."createdAt" FROM "public"."Seat" WHERE "public"."Seat"."id" IN ($1) OFFSET $2
prisma:query SELECT "public"."Seat"."id", "public"."Seat"."seatLabel", "public"."Seat"."rowChar", "public"."Seat"."seatNumber", "public"."Seat"."createdAt" FROM "public"."Seat" WHERE "public"."Seat"."id" IN ($1) OFFSET $2
prisma:query SELECT "public"."Seat"."id", "public"."Seat"."seatLabel", "public"."Seat"."rowChar", "public"."Seat"."seatNumber", "public"."Seat"."createdAt" FROM "public"."Seat" WHERE "public"."Seat"."id" IN ($1,$2) OFFSET $3
prisma:query SELECT "public"."Seat"."id", "public"."Seat"."seatLabel", "public"."Seat"."rowChar", "public"."Seat"."seatNumber", "public"."Seat"."createdAt" FROM "public"."Seat" WHERE "public"."Seat"."id" IN ($1) OFFSET $2
prisma:query SELECT "public"."Seat"."id", "public"."Seat"."seatLabel", "public"."Seat"."rowChar", "public"."Seat"."seatNumber", "public"."Seat"."createdAt" FROM "public"."Seat" WHERE "public"."Seat"."id" IN ($1) OFFSET $2
prisma:query SELECT "public"."Seat"."id", "public"."Seat"."seatLabel", "public"."Seat"."rowChar", "public"."Seat"."seatNumber", "public"."Seat"."createdAt" FROM "public"."Seat" WHERE "public"."Seat"."id" IN ($1,$2,$3) OFFSET $4
prisma:query SELECT "public"."Seat"."id", "public"."Seat"."seatLabel", "public"."Seat"."rowChar", "public"."Seat"."seatNumber", "public"."Seat"."createdAt" FROM "public"."Seat" WHERE "public"."Seat"."id" IN ($1,$2,$3) OFFSET $4
prisma:query SELECT "public"."Seat"."id", "public"."Seat"."seatLabel", "public"."Seat"."rowChar", "public"."Seat"."seatNumber", "public"."Seat"."createdAt" FROM "public"."Seat" WHERE "public"."Seat"."id" IN ($1) OFFSET $2
prisma:query SELECT "public"."Seat"."id", "public"."Seat"."seatLabel", "public"."Seat"."rowChar", "public"."Seat"."seatNumber", "public"."Seat"."createdAt" FROM "public"."Seat" WHERE "public"."Seat"."id" IN ($1) OFFSET $2
prisma:query SELECT "public"."Seat"."id", "public"."Seat"."seatLabel", "public"."Seat"."rowChar", "public"."Seat"."seatNumber", "public"."Seat"."createdAt" FROM "public"."Seat" WHERE "public"."Seat"."id" IN ($1,$2) OFFSET $3
prisma:query SELECT "public"."Seat"."id", "public"."Seat"."seatLabel", "public"."Seat"."rowChar", "public"."Seat"."seatNumber", "public"."Seat"."createdAt" FROM "public"."Seat" WHERE "public"."Seat"."id" IN ($1,$2,$3) OFFSET $4
prisma:query SELECT "public"."Seat"."id", "public"."Seat"."seatLabel", "public"."Seat"."rowChar", "public"."Seat"."seatNumber", "public"."Seat"."createdAt" FROM "public"."Seat" WHERE "public"."Seat"."id" IN ($1) OFFSET $2
prisma:query SELECT "public"."Seat"."id", "public"."Seat"."seatLabel", "public"."Seat"."rowChar", "public"."Seat"."seatNumber", "public"."Seat"."createdAt" FROM "public"."Seat" WHERE "public"."Seat"."id" IN ($1,$2,$3) OFFSET $4
prisma:query SELECT "public"."Seat"."id", "public"."Seat"."seatLabel", "public"."Seat"."rowChar", "public"."Seat"."seatNumber", "public"."Seat"."createdAt" FROM "public"."Seat" WHERE "public"."Seat"."id" IN ($1,$2,$3) OFFSET $4
prisma:query SELECT "public"."Seat"."id", "public"."Seat"."seatLabel", "public"."Seat"."rowChar", "public"."Seat"."seatNumber", "public"."Seat"."createdAt" FROM "public"."Seat" WHERE "public"."Seat"."id" IN ($1) OFFSET $2
prisma:query SELECT "public"."Seat"."id", "public"."Seat"."seatLabel", "public"."Seat"."rowChar", "public"."Seat"."seatNumber", "public"."Seat"."createdAt" FROM "public"."Seat" WHERE "public"."Seat"."id" IN ($1,$2) OFFSET $3
prisma:query SELECT "public"."Seat"."id", "public"."Seat"."seatLabel", "public"."Seat"."rowChar", "public"."Seat"."seatNumber", "public"."Seat"."createdAt" FROM "public"."Seat" WHERE "public"."Seat"."id" IN ($1,$2,$3) OFFSET $4
prisma:query SELECT "public"."Seat"."id", "public"."Seat"."seatLabel", "public"."Seat"."rowChar", "public"."Seat"."seatNumber", "public"."Seat"."createdAt" FROM "public"."Seat" WHERE "public"."Seat"."id" IN ($1,$2,$3) OFFSET $4
prisma:query SELECT "public"."Seat"."id", "public"."Seat"."seatLabel", "public"."Seat"."rowChar", "public"."Seat"."seatNumber", "public"."Seat"."createdAt" FROM "public"."Seat" WHERE "public"."Seat"."id" IN ($1,$2) OFFSET $3
prisma:query SELECT "public"."Seat"."id", "public"."Seat"."seatLabel", "public"."Seat"."rowChar", "public"."Seat"."seatNumber", "public"."Seat"."createdAt" FROM "public"."Seat" WHERE "public"."Seat"."id" IN ($1) OFFSET $2
prisma:query SELECT "public"."Seat"."id", "public"."Seat"."seatLabel", "public"."Seat"."rowChar", "public"."Seat"."seatNumber", "public"."Seat"."createdAt" FROM "public"."Seat" WHERE "public"."Seat"."id" IN ($1,$2) OFFSET $3
prisma:query SELECT "public"."Seat"."id", "public"."Seat"."seatLabel", "public"."Seat"."rowChar", "public"."Seat"."seatNumber", "public"."Seat"."createdAt" FROM "public"."Seat" WHERE "public"."Seat"."id" IN ($1,$2,$3) OFFSET $4
prisma:query SELECT "public"."Seat"."id", "public"."Seat"."seatLabel", "public"."Seat"."rowChar", "public"."Seat"."seatNumber", "public"."Seat"."createdAt" FROM "public"."Seat" WHERE "public"."Seat"."id" IN ($1) OFFSET $2
prisma:query SELECT "public"."Seat"."id", "public"."Seat"."seatLabel", "public"."Seat"."rowChar", "public"."Seat"."seatNumber", "public"."Seat"."createdAt" FROM "public"."Seat" WHERE "public"."Seat"."id" IN ($1,$2,$3) OFFSET $4
prisma:query SELECT "public"."Seat"."id", "public"."Seat"."seatLabel", "public"."Seat"."rowChar", "public"."Seat"."seatNumber", "public"."Seat"."createdAt" FROM "public"."Seat" WHERE "public"."Seat"."id" IN ($1) OFFSET $2
prisma:query SELECT "public"."Seat"."id", "public"."Seat"."seatLabel", "public"."Seat"."rowChar", "public"."Seat"."seatNumber", "public"."Seat"."createdAt" FROM "public"."Seat" WHERE "public"."Seat"."id" IN ($1,$2) OFFSET $3
prisma:query SELECT "public"."Seat"."id", "public"."Seat"."seatLabel", "public"."Seat"."rowChar", "public"."Seat"."seatNumber", "public"."Seat"."createdAt" FROM "public"."Seat" WHERE "public"."Seat"."id" IN ($1) OFFSET $2
prisma:query SELECT "public"."Seat"."id", "public"."Seat"."seatLabel", "public"."Seat"."rowChar", "public"."Seat"."seatNumber", "public"."Seat"."createdAt" FROM "public"."Seat" WHERE "public"."Seat"."id" IN ($1,$2,$3) OFFSET $4
prisma:query SELECT "public"."Seat"."id", "public"."Seat"."seatLabel", "public"."Seat"."rowChar", "public"."Seat"."seatNumber", "public"."Seat"."createdAt" FROM "public"."Seat" WHERE "public"."Seat"."id" IN ($1,$2) OFFSET $3
prisma:query SELECT "public"."Seat"."id", "public"."Seat"."seatLabel", "public"."Seat"."rowChar", "public"."Seat"."seatNumber", "public"."Seat"."createdAt" FROM "public"."Seat" WHERE "public"."Seat"."id" IN ($1,$2,$3) OFFSET $4
prisma:query SELECT "public"."Seat"."id", "public"."Seat"."seatLabel", "public"."Seat"."rowChar", "public"."Seat"."seatNumber", "public"."Seat"."createdAt" FROM "public"."Seat" WHERE "public"."Seat"."id" IN ($1,$2) OFFSET $3
prisma:query SELECT "public"."Seat"."id", "public"."Seat"."seatLabel", "public"."Seat"."rowChar", "public"."Seat"."seatNumber", "public"."Seat"."createdAt" FROM "public"."Seat" WHERE "public"."Seat"."id" IN ($1,$2) OFFSET $3
prisma:query SELECT "public"."Seat"."id", "public"."Seat"."seatLabel", "public"."Seat"."rowChar", "public"."Seat"."seatNumber", "public"."Seat"."createdAt" FROM "public"."Seat" WHERE "public"."Seat"."id" IN ($1,$2,$3) OFFSET $4
prisma:query SELECT "public"."Seat"."id", "public"."Seat"."seatLabel", "public"."Seat"."rowChar", "public"."Seat"."seatNumber", "public"."Seat"."createdAt" FROM "public"."Seat" WHERE "public"."Seat"."id" IN ($1,$2,$3) OFFSET $4
prisma:query SELECT "public"."Seat"."id", "public"."Seat"."seatLabel", "public"."Seat"."rowChar", "public"."Seat"."seatNumber", "public"."Seat"."createdAt" FROM "public"."Seat" WHERE "public"."Seat"."id" IN ($1,$2) OFFSET $3
prisma:query SELECT "public"."Seat"."id", "public"."Seat"."seatLabel", "public"."Seat"."rowChar", "public"."Seat"."seatNumber", "public"."Seat"."createdAt" FROM "public"."Seat" WHERE "public"."Seat"."id" IN ($1,$2,$3) OFFSET $4
prisma:query SELECT "public"."Seat"."id", "public"."Seat"."seatLabel", "public"."Seat"."rowChar", "public"."Seat"."seatNumber", "public"."Seat"."createdAt" FROM "public"."Seat" WHERE "public"."Seat"."id" IN ($1,$2) OFFSET $3
prisma:query SELECT "public"."Seat"."id", "public"."Seat"."seatLabel", "public"."Seat"."rowChar", "public"."Seat"."seatNumber", "public"."Seat"."createdAt" FROM "public"."Seat" WHERE "public"."Seat"."id" IN ($1) OFFSET $2
prisma:query SELECT "public"."Seat"."id", "public"."Seat"."seatLabel", "public"."Seat"."rowChar", "public"."Seat"."seatNumber", "public"."Seat"."createdAt" FROM "public"."Seat" WHERE "public"."Seat"."id" IN ($1,$2) OFFSET $3
prisma:query SELECT "public"."Seat"."id", "public"."Seat"."seatLabel", "public"."Seat"."rowChar", "public"."Seat"."seatNumber", "public"."Seat"."createdAt" FROM "public"."Seat" WHERE "public"."Seat"."id" IN ($1) OFFSET $2
prisma:query SELECT "public"."Seat"."id", "public"."Seat"."seatLabel", "public"."Seat"."rowChar", "public"."Seat"."seatNumber", "public"."Seat"."createdAt" FROM "public"."Seat" WHERE "public"."Seat"."id" IN ($1,$2,$3) OFFSET $4
prisma:query SELECT "public"."Seat"."id", "public"."Seat"."seatLabel", "public"."Seat"."rowChar", "public"."Seat"."seatNumber", "public"."Seat"."createdAt" FROM "public"."Seat" WHERE "public"."Seat"."id" IN ($1,$2) OFFSET $3
prisma:query SELECT "public"."Seat"."id", "public"."Seat"."seatLabel", "public"."Seat"."rowChar", "public"."Seat"."seatNumber", "public"."Seat"."createdAt" FROM "public"."Seat" WHERE "public"."Seat"."id" IN ($1) OFFSET $2
prisma:query SELECT "public"."Seat"."id", "public"."Seat"."seatLabel", "public"."Seat"."rowChar", "public"."Seat"."seatNumber", "public"."Seat"."createdAt" FROM "public"."Seat" WHERE "public"."Seat"."id" IN ($1,$2) OFFSET $3
prisma:query SELECT "public"."Seat"."id", "public"."Seat"."seatLabel", "public"."Seat"."rowChar", "public"."Seat"."seatNumber", "public"."Seat"."createdAt" FROM "public"."Seat" WHERE "public"."Seat"."id" IN ($1,$2,$3) OFFSET $4
prisma:query SELECT "public"."Seat"."id", "public"."Seat"."seatLabel", "public"."Seat"."rowChar", "public"."Seat"."seatNumber", "public"."Seat"."createdAt" FROM "public"."Seat" WHERE "public"."Seat"."id" IN ($1) OFFSET $2
prisma:query SELECT "public"."Seat"."id", "public"."Seat"."seatLabel", "public"."Seat"."rowChar", "public"."Seat"."seatNumber", "public"."Seat"."createdAt" FROM "public"."Seat" WHERE "public"."Seat"."id" IN ($1,$2) OFFSET $3
prisma:query SELECT "public"."Seat"."id", "public"."Seat"."seatLabel", "public"."Seat"."rowChar", "public"."Seat"."seatNumber", "public"."Seat"."createdAt" FROM "public"."Seat" WHERE "public"."Seat"."id" IN ($1) OFFSET $2
prisma:query SELECT "public"."Seat"."id", "public"."Seat"."seatLabel", "public"."Seat"."rowChar", "public"."Seat"."seatNumber", "public"."Seat"."createdAt" FROM "public"."Seat" WHERE "public"."Seat"."id" IN ($1) OFFSET $2
prisma:query SELECT "public"."Seat"."id", "public"."Seat"."seatLabel", "public"."Seat"."rowChar", "public"."Seat"."seatNumber", "public"."Seat"."createdAt" FROM "public"."Seat" WHERE "public"."Seat"."id" IN ($1) OFFSET $2
prisma:query SELECT "public"."Seat"."id", "public"."Seat"."seatLabel", "public"."Seat"."rowChar", "public"."Seat"."seatNumber", "public"."Seat"."createdAt" FROM "public"."Seat" WHERE "public"."Seat"."id" IN ($1) OFFSET $2
prisma:query SELECT "public"."Seat"."id", "public"."Seat"."seatLabel", "public"."Seat"."rowChar", "public"."Seat"."seatNumber", "public"."Seat"."createdAt" FROM "public"."Seat" WHERE "public"."Seat"."id" IN ($1) OFFSET $2
prisma:query INSERT INTO "public"."Reservation" ("id","userId","createdAt") VALUES ($1,$2,$3) RETURNING "public"."Reservation"."id", "public"."Reservation"."userId", "public"."Reservation"."createdAt"
prisma:query INSERT INTO "public"."Reservation" ("id","userId","createdAt") VALUES ($1,$2,$3) RETURNING "public"."Reservation"."id", "public"."Reservation"."userId", "public"."Reservation"."createdAt"
prisma:query INSERT INTO "public"."Reservation" ("id","userId","createdAt") VALUES ($1,$2,$3) RETURNING "public"."Reservation"."id", "public"."Reservation"."userId", "public"."Reservation"."createdAt"
prisma:query INSERT INTO "public"."ReservationSeat" ("id","reservationId","seatId","createdAt") VALUES ($1,$2,$3,$4) RETURNING "public"."ReservationSeat"."id", "public"."ReservationSeat"."reservationId", "public"."ReservationSeat"."seatId", "public"."ReservationSeat"."createdAt"
prisma:query INSERT INTO "public"."ReservationSeat" ("id","reservationId","seatId","createdAt") VALUES ($1,$2,$3,$4) RETURNING "public"."ReservationSeat"."id", "public"."ReservationSeat"."reservationId", "public"."ReservationSeat"."seatId", "public"."ReservationSeat"."createdAt"
prisma:query INSERT INTO "public"."ReservationSeat" ("id","reservationId","seatId","createdAt") VALUES ($1,$2,$3,$4) RETURNING "public"."ReservationSeat"."id", "public"."ReservationSeat"."reservationId", "public"."ReservationSeat"."seatId", "public"."ReservationSeat"."createdAt"
prisma:query INSERT INTO "public"."ReservationSeat" ("id","reservationId","seatId","createdAt") VALUES ($1,$2,$3,$4) RETURNING "public"."ReservationSeat"."id", "public"."ReservationSeat"."reservationId", "public"."ReservationSeat"."seatId", "public"."ReservationSeat"."createdAt"
prisma:query COMMIT
prisma:query COMMIT
prisma:error 
Invalid `tx.reservationSeat.create()` invocation in
F:\Projects\Software Orbits\sotest\.next\dev\server\chunks\[root-of-the-server]__1nlcznh._.js:142:42

  139 // If any seatId already exists in ReservationSeat, this will throw
  140 // a P2002 unique constraint error, causing the entire transaction to rollback.
  141 for (const seatId of seatIds){
→ 142     await tx.reservationSeat.create(
Unique constraint failed on the fields: (`"seatId"`)
prisma:query ROLLBACK
 POST /api/simulation 200 in 27.0s (next.js: 66ms, application-code: 27.0s)
 GET /api/auth/session 200 in 33ms (next.js: 20ms, application-code: 13ms)
prisma:query SELECT COUNT(*) AS "_count$_all" FROM (SELECT "public"."Seat"."id" FROM "public"."Seat" WHERE 1=1 OFFSET $1) AS "sub"
prisma:query SELECT "public"."Seat"."id", "public"."Seat"."seatLabel", "public"."Seat"."rowChar", "public"."Seat"."seatNumber", "public"."Seat"."createdAt" FROM "public"."Seat" WHERE 1=1 ORDER BY "public"."Seat"."rowChar" ASC, "public"."Seat"."seatNumber" ASC OFFSET $1
prisma:query SELECT "public"."ReservationSeat"."id", "public"."ReservationSeat"."reservationId", "public"."ReservationSeat"."seatId", "public"."ReservationSeat"."createdAt" FROM "public"."ReservationSeat" WHERE "public"."ReservationSeat"."seatId" IN ($1,$2,$3,$4,$5,$6,$7,$8,$9,$10,$11,$12,$13,$14,$15,$16,$17,$18,$19,$20,$21,$22,$23,$24,$25,$26,$27,$28,$29,$30,$31,$32,$33,$34,$35,$36,$37,$38,$39,$40,$41,$42,$43,$44,$45,$46,$47,$48,$49,$50) ORDER BY "public"."ReservationSeat"."id" ASC OFFSET $51
prisma:query SELECT "public"."Reservation"."id", "public"."Reservation"."userId", "public"."Reservation"."createdAt" FROM "public"."Reservation" WHERE "public"."Reservation"."id" IN ($1,$2,$3,$4) OFFSET $5
prisma:query SELECT "public"."User"."id", "public"."User"."email", "public"."User"."name" FROM "public"."User" WHERE "public"."User"."id" IN ($1,$2,$3) OFFSET $4
 GET /api/seats 200 in 4.2s (next.js: 4ms, application-code: 4.2s)
prisma:query SELECT COUNT(*) AS "_count$_all" FROM (SELECT "public"."Seat"."id" FROM "public"."Seat" WHERE 1=1 OFFSET $1) AS "sub"
prisma:query SELECT "public"."Seat"."id", "public"."Seat"."seatLabel", "public"."Seat"."rowChar", "public"."Seat"."seatNumber", "public"."Seat"."createdAt" FROM "public"."Seat" WHERE 1=1 ORDER BY "public"."Seat"."rowChar" ASC, "public"."Seat"."seatNumber" ASC OFFSET $1
prisma:query SELECT "public"."ReservationSeat"."id", "public"."ReservationSeat"."reservationId", "public"."ReservationSeat"."seatId", "public"."ReservationSeat"."createdAt" FROM "public"."ReservationSeat" WHERE "public"."ReservationSeat"."seatId" IN ($1,$2,$3,$4,$5,$6,$7,$8,$9,$10,$11,$12,$13,$14,$15,$16,$17,$18,$19,$20,$21,$22,$23,$24,$25,$26,$27,$28,$29,$30,$31,$32,$33,$34,$35,$36,$37,$38,$39,$40,$41,$42,$43,$44,$45,$46,$47,$48,$49,$50) ORDER BY "public"."ReservationSeat"."id" ASC OFFSET $51
prisma:query SELECT "public"."Reservation"."id", "public"."Reservation"."userId", "public"."Reservation"."createdAt" FROM "public"."Reservation" WHERE "public"."Reservation"."id" IN ($1,$2,$3,$4) OFFSET $5
prisma:query SELECT "public"."User"."id", "public"."User"."email", "public"."User"."name" FROM "public"."User" WHERE "public"."User"."id" IN ($1,$2,$3) OFFSET $4
 GET /api/seats 200 in 1261ms (next.js: 7ms, application-code: 1254ms)
prisma:query SELECT COUNT(*) AS "_count$_all" FROM (SELECT "public"."Seat"."id" FROM "public"."Seat" WHERE 1=1 OFFSET $1) AS "sub"
prisma:query SELECT "public"."Seat"."id", "public"."Seat"."seatLabel", "public"."Seat"."rowChar", "public"."Seat"."seatNumber", "public"."Seat"."createdAt" FROM "public"."Seat" WHERE 1=1 ORDER BY "public"."Seat"."rowChar" ASC, "public"."Seat"."seatNumber" ASC OFFSET $1
prisma:query SELECT "public"."ReservationSeat"."id", "public"."ReservationSeat"."reservationId", "public"."ReservationSeat"."seatId", "public"."ReservationSeat"."createdAt" FROM "public"."ReservationSeat" WHERE "public"."ReservationSeat"."seatId" IN ($1,$2,$3,$4,$5,$6,$7,$8,$9,$10,$11,$12,$13,$14,$15,$16,$17,$18,$19,$20,$21,$22,$23,$24,$25,$26,$27,$28,$29,$30,$31,$32,$33,$34,$35,$36,$37,$38,$39,$40,$41,$42,$43,$44,$45,$46,$47,$48,$49,$50) ORDER BY "public"."ReservationSeat"."id" ASC OFFSET $51
prisma:query SELECT "public"."Reservation"."id", "public"."Reservation"."userId", "public"."Reservation"."createdAt" FROM "public"."Reservation" WHERE "public"."Reservation"."id" IN ($1,$2,$3,$4) OFFSET $5
prisma:query SELECT "public"."User"."id", "public"."User"."email", "public"."User"."name" FROM "public"."User" WHERE "public"."User"."id" IN ($1,$2,$3) OFFSET $4
 GET /api/seats 200 in 1051ms (next.js: 6ms, application-code: 1044ms)
prisma:query SELECT COUNT(*) AS "_count$_all" FROM (SELECT "public"."Seat"."id" FROM "public"."Seat" WHERE 1=1 OFFSET $1) AS "sub"
prisma:query SELECT "public"."Seat"."id", "public"."Seat"."seatLabel", "public"."Seat"."rowChar", "public"."Seat"."seatNumber", "public"."Seat"."createdAt" FROM "public"."Seat" WHERE 1=1 ORDER BY "public"."Seat"."rowChar" ASC, "public"."Seat"."seatNumber" ASC OFFSET $1
prisma:query SELECT "public"."ReservationSeat"."id", "public"."ReservationSeat"."reservationId", "public"."ReservationSeat"."seatId", "public"."ReservationSeat"."createdAt" FROM "public"."ReservationSeat" WHERE "public"."ReservationSeat"."seatId" IN ($1,$2,$3,$4,$5,$6,$7,$8,$9,$10,$11,$12,$13,$14,$15,$16,$17,$18,$19,$20,$21,$22,$23,$24,$25,$26,$27,$28,$29,$30,$31,$32,$33,$34,$35,$36,$37,$38,$39,$40,$41,$42,$43,$44,$45,$46,$47,$48,$49,$50) ORDER BY "public"."ReservationSeat"."id" ASC OFFSET $51
prisma:query SELECT "public"."Reservation"."id", "public"."Reservation"."userId", "public"."Reservation"."createdAt" FROM "public"."Reservation" WHERE "public"."Reservation"."id" IN ($1,$2,$3,$4) OFFSET $5
prisma:query SELECT "public"."User"."id", "public"."User"."email", "public"."User"."name" FROM "public"."User" WHERE "public"."User"."id" IN ($1,$2,$3) OFFSET $4
 GET /api/seats 200 in 1050ms (next.js: 6ms, application-code: 1044ms)
prisma:query SELECT "public"."Seat"."id", "public"."Seat"."seatLabel", "public"."Seat"."rowChar", "public"."Seat"."seatNumber", "public"."Seat"."createdAt" FROM "public"."Seat" WHERE 1=1 OFFSET $1
prisma:query SELECT "public"."ReservationSeat"."id", "public"."ReservationSeat"."reservationId", "public"."ReservationSeat"."seatId", "public"."ReservationSeat"."createdAt" FROM "public"."ReservationSeat" WHERE "public"."ReservationSeat"."seatId" IN ($1,$2,$3,$4,$5,$6,$7,$8,$9,$10,$11,$12,$13,$14,$15,$16,$17,$18,$19,$20,$21,$22,$23,$24,$25,$26,$27,$28,$29,$30,$31,$32,$33,$34,$35,$36,$37,$38,$39,$40,$41,$42,$43,$44,$45,$46,$47,$48,$49,$50) ORDER BY "public"."ReservationSeat"."id" ASC OFFSET $51
prisma:query INSERT INTO "public"."User" ("id","email","name","passwordHash","createdAt","updatedAt") VALUES ($1,$2,$3,$4,$5,$6) RETURNING "public"."User"."id", "public"."User"."email", "public"."User"."name", "public"."User"."passwordHash", "public"."User"."createdAt", "public"."User"."updatedAt"
prisma:query INSERT INTO "public"."User" ("id","email","name","passwordHash","createdAt","updatedAt") VALUES ($1,$2,$3,$4,$5,$6) RETURNING "public"."User"."id", "public"."User"."email", "public"."User"."name", "public"."User"."passwordHash", "public"."User"."createdAt", "public"."User"."updatedAt"
prisma:query INSERT INTO "public"."User" ("id","email","name","passwordHash","createdAt","updatedAt") VALUES ($1,$2,$3,$4,$5,$6) RETURNING "public"."User"."id", "public"."User"."email", "public"."User"."name", "public"."User"."passwordHash", "public"."User"."createdAt", "public"."User"."updatedAt"
prisma:query INSERT INTO "public"."User" ("id","email","name","passwordHash","createdAt","updatedAt") VALUES ($1,$2,$3,$4,$5,$6) RETURNING "public"."User"."id", "public"."User"."email", "public"."User"."name", "public"."User"."passwordHash", "public"."User"."createdAt", "public"."User"."updatedAt"
prisma:query INSERT INTO "public"."User" ("id","email","name","passwordHash","createdAt","updatedAt") VALUES ($1,$2,$3,$4,$5,$6) RETURNING "public"."User"."id", "public"."User"."email", "public"."User"."name", "public"."User"."passwordHash", "public"."User"."createdAt", "public"."User"."updatedAt"
prisma:query INSERT INTO "public"."User" ("id","email","name","passwordHash","createdAt","updatedAt") VALUES ($1,$2,$3,$4,$5,$6) RETURNING "public"."User"."id", "public"."User"."email", "public"."User"."name", "public"."User"."passwordHash", "public"."User"."createdAt", "public"."User"."updatedAt"
prisma:query INSERT INTO "public"."User" ("id","email","name","passwordHash","createdAt","updatedAt") VALUES ($1,$2,$3,$4,$5,$6) RETURNING "public"."User"."id", "public"."User"."email", "public"."User"."name", "public"."User"."passwordHash", "public"."User"."createdAt", "public"."User"."updatedAt"
prisma:query INSERT INTO "public"."User" ("id","email","name","passwordHash","createdAt","updatedAt") VALUES ($1,$2,$3,$4,$5,$6) RETURNING "public"."User"."id", "public"."User"."email", "public"."User"."name", "public"."User"."passwordHash", "public"."User"."createdAt", "public"."User"."updatedAt"
prisma:query INSERT INTO "public"."User" ("id","email","name","passwordHash","createdAt","updatedAt") VALUES ($1,$2,$3,$4,$5,$6) RETURNING "public"."User"."id", "public"."User"."email", "public"."User"."name", "public"."User"."passwordHash", "public"."User"."createdAt", "public"."User"."updatedAt"
prisma:query INSERT INTO "public"."User" ("id","email","name","passwordHash","createdAt","updatedAt") VALUES ($1,$2,$3,$4,$5,$6) RETURNING "public"."User"."id", "public"."User"."email", "public"."User"."name", "public"."User"."passwordHash", "public"."User"."createdAt", "public"."User"."updatedAt"
prisma:query INSERT INTO "public"."User" ("id","email","name","passwordHash","createdAt","updatedAt") VALUES ($1,$2,$3,$4,$5,$6) RETURNING "public"."User"."id", "public"."User"."email", "public"."User"."name", "public"."User"."passwordHash", "public"."User"."createdAt", "public"."User"."updatedAt"
prisma:query INSERT INTO "public"."User" ("id","email","name","passwordHash","createdAt","updatedAt") VALUES ($1,$2,$3,$4,$5,$6) RETURNING "public"."User"."id", "public"."User"."email", "public"."User"."name", "public"."User"."passwordHash", "public"."User"."createdAt", "public"."User"."updatedAt"
prisma:query INSERT INTO "public"."User" ("id","email","name","passwordHash","createdAt","updatedAt") VALUES ($1,$2,$3,$4,$5,$6) RETURNING "public"."User"."id", "public"."User"."email", "public"."User"."name", "public"."User"."passwordHash", "public"."User"."createdAt", "public"."User"."updatedAt"
prisma:query INSERT INTO "public"."User" ("id","email","name","passwordHash","createdAt","updatedAt") VALUES ($1,$2,$3,$4,$5,$6) RETURNING "public"."User"."id", "public"."User"."email", "public"."User"."name", "public"."User"."passwordHash", "public"."User"."createdAt", "public"."User"."updatedAt"
prisma:query INSERT INTO "public"."User" ("id","email","name","passwordHash","createdAt","updatedAt") VALUES ($1,$2,$3,$4,$5,$6) RETURNING "public"."User"."id", "public"."User"."email", "public"."User"."name", "public"."User"."passwordHash", "public"."User"."createdAt", "public"."User"."updatedAt"
prisma:query INSERT INTO "public"."User" ("id","email","name","passwordHash","createdAt","updatedAt") VALUES ($1,$2,$3,$4,$5,$6) RETURNING "public"."User"."id", "public"."User"."email", "public"."User"."name", "public"."User"."passwordHash", "public"."User"."createdAt", "public"."User"."updatedAt"
prisma:query INSERT INTO "public"."User" ("id","email","name","passwordHash","createdAt","updatedAt") VALUES ($1,$2,$3,$4,$5,$6) RETURNING "public"."User"."id", "public"."User"."email", "public"."User"."name", "public"."User"."passwordHash", "public"."User"."createdAt", "public"."User"."updatedAt"
prisma:query INSERT INTO "public"."User" ("id","email","name","passwordHash","createdAt","updatedAt") VALUES ($1,$2,$3,$4,$5,$6) RETURNING "public"."User"."id", "public"."User"."email", "public"."User"."name", "public"."User"."passwordHash", "public"."User"."createdAt", "public"."User"."updatedAt"
prisma:query INSERT INTO "public"."User" ("id","email","name","passwordHash","createdAt","updatedAt") VALUES ($1,$2,$3,$4,$5,$6) RETURNING "public"."User"."id", "public"."User"."email", "public"."User"."name", "public"."User"."passwordHash", "public"."User"."createdAt", "public"."User"."updatedAt"
prisma:query INSERT INTO "public"."User" ("id","email","name","passwordHash","createdAt","updatedAt") VALUES ($1,$2,$3,$4,$5,$6) RETURNING "public"."User"."id", "public"."User"."email", "public"."User"."name", "public"."User"."passwordHash", "public"."User"."createdAt", "public"."User"."updatedAt"
prisma:query INSERT INTO "public"."User" ("id","email","name","passwordHash","createdAt","updatedAt") VALUES ($1,$2,$3,$4,$5,$6) RETURNING "public"."User"."id", "public"."User"."email", "public"."User"."name", "public"."User"."passwordHash", "public"."User"."createdAt", "public"."User"."updatedAt"
prisma:query INSERT INTO "public"."User" ("id","email","name","passwordHash","createdAt","updatedAt") VALUES ($1,$2,$3,$4,$5,$6) RETURNING "public"."User"."id", "public"."User"."email", "public"."User"."name", "public"."User"."passwordHash", "public"."User"."createdAt", "public"."User"."updatedAt"
prisma:query INSERT INTO "public"."User" ("id","email","name","passwordHash","createdAt","updatedAt") VALUES ($1,$2,$3,$4,$5,$6) RETURNING "public"."User"."id", "public"."User"."email", "public"."User"."name", "public"."User"."passwordHash", "public"."User"."createdAt", "public"."User"."updatedAt"
prisma:query INSERT INTO "public"."User" ("id","email","name","passwordHash","createdAt","updatedAt") VALUES ($1,$2,$3,$4,$5,$6) RETURNING "public"."User"."id", "public"."User"."email", "public"."User"."name", "public"."User"."passwordHash", "public"."User"."createdAt", "public"."User"."updatedAt"
prisma:query INSERT INTO "public"."User" ("id","email","name","passwordHash","createdAt","updatedAt") VALUES ($1,$2,$3,$4,$5,$6) RETURNING "public"."User"."id", "public"."User"."email", "public"."User"."name", "public"."User"."passwordHash", "public"."User"."createdAt", "public"."User"."updatedAt"
prisma:query INSERT INTO "public"."User" ("id","email","name","passwordHash","createdAt","updatedAt") VALUES ($1,$2,$3,$4,$5,$6) RETURNING "public"."User"."id", "public"."User"."email", "public"."User"."name", "public"."User"."passwordHash", "public"."User"."createdAt", "public"."User"."updatedAt"
prisma:query INSERT INTO "public"."User" ("id","email","name","passwordHash","createdAt","updatedAt") VALUES ($1,$2,$3,$4,$5,$6) RETURNING "public"."User"."id", "public"."User"."email", "public"."User"."name", "public"."User"."passwordHash", "public"."User"."createdAt", "public"."User"."updatedAt"
prisma:query INSERT INTO "public"."User" ("id","email","name","passwordHash","createdAt","updatedAt") VALUES ($1,$2,$3,$4,$5,$6) RETURNING "public"."User"."id", "public"."User"."email", "public"."User"."name", "public"."User"."passwordHash", "public"."User"."createdAt", "public"."User"."updatedAt"
prisma:query INSERT INTO "public"."User" ("id","email","name","passwordHash","createdAt","updatedAt") VALUES ($1,$2,$3,$4,$5,$6) RETURNING "public"."User"."id", "public"."User"."email", "public"."User"."name", "public"."User"."passwordHash", "public"."User"."createdAt", "public"."User"."updatedAt"
prisma:query INSERT INTO "public"."User" ("id","email","name","passwordHash","createdAt","updatedAt") VALUES ($1,$2,$3,$4,$5,$6) RETURNING "public"."User"."id", "public"."User"."email", "public"."User"."name", "public"."User"."passwordHash", "public"."User"."createdAt", "public"."User"."updatedAt"
prisma:query INSERT INTO "public"."User" ("id","email","name","passwordHash","createdAt","updatedAt") VALUES ($1,$2,$3,$4,$5,$6) RETURNING "public"."User"."id", "public"."User"."email", "public"."User"."name", "public"."User"."passwordHash", "public"."User"."createdAt", "public"."User"."updatedAt"
prisma:query INSERT INTO "public"."User" ("id","email","name","passwordHash","createdAt","updatedAt") VALUES ($1,$2,$3,$4,$5,$6) RETURNING "public"."User"."id", "public"."User"."email", "public"."User"."name", "public"."User"."passwordHash", "public"."User"."createdAt", "public"."User"."updatedAt"
prisma:query INSERT INTO "public"."User" ("id","email","name","passwordHash","createdAt","updatedAt") VALUES ($1,$2,$3,$4,$5,$6) RETURNING "public"."User"."id", "public"."User"."email", "public"."User"."name", "public"."User"."passwordHash", "public"."User"."createdAt", "public"."User"."updatedAt"
prisma:query INSERT INTO "public"."User" ("id","email","name","passwordHash","createdAt","updatedAt") VALUES ($1,$2,$3,$4,$5,$6) RETURNING "public"."User"."id", "public"."User"."email", "public"."User"."name", "public"."User"."passwordHash", "public"."User"."createdAt", "public"."User"."updatedAt"
prisma:query INSERT INTO "public"."User" ("id","email","name","passwordHash","createdAt","updatedAt") VALUES ($1,$2,$3,$4,$5,$6) RETURNING "public"."User"."id", "public"."User"."email", "public"."User"."name", "public"."User"."passwordHash", "public"."User"."createdAt", "public"."User"."updatedAt"
prisma:query INSERT INTO "public"."User" ("id","email","name","passwordHash","createdAt","updatedAt") VALUES ($1,$2,$3,$4,$5,$6) RETURNING "public"."User"."id", "public"."User"."email", "public"."User"."name", "public"."User"."passwordHash", "public"."User"."createdAt", "public"."User"."updatedAt"
prisma:query INSERT INTO "public"."User" ("id","email","name","passwordHash","createdAt","updatedAt") VALUES ($1,$2,$3,$4,$5,$6) RETURNING "public"."User"."id", "public"."User"."email", "public"."User"."name", "public"."User"."passwordHash", "public"."User"."createdAt", "public"."User"."updatedAt"
prisma:query INSERT INTO "public"."User" ("id","email","name","passwordHash","createdAt","updatedAt") VALUES ($1,$2,$3,$4,$5,$6) RETURNING "public"."User"."id", "public"."User"."email", "public"."User"."name", "public"."User"."passwordHash", "public"."User"."createdAt", "public"."User"."updatedAt"
prisma:query INSERT INTO "public"."User" ("id","email","name","passwordHash","createdAt","updatedAt") VALUES ($1,$2,$3,$4,$5,$6) RETURNING "public"."User"."id", "public"."User"."email", "public"."User"."name", "public"."User"."passwordHash", "public"."User"."createdAt", "public"."User"."updatedAt"
prisma:query INSERT INTO "public"."User" ("id","email","name","passwordHash","createdAt","updatedAt") VALUES ($1,$2,$3,$4,$5,$6) RETURNING "public"."User"."id", "public"."User"."email", "public"."User"."name", "public"."User"."passwordHash", "public"."User"."createdAt", "public"."User"."updatedAt"
prisma:query INSERT INTO "public"."User" ("id","email","name","passwordHash","createdAt","updatedAt") VALUES ($1,$2,$3,$4,$5,$6) RETURNING "public"."User"."id", "public"."User"."email", "public"."User"."name", "public"."User"."passwordHash", "public"."User"."createdAt", "public"."User"."updatedAt"
prisma:query INSERT INTO "public"."User" ("id","email","name","passwordHash","createdAt","updatedAt") VALUES ($1,$2,$3,$4,$5,$6) RETURNING "public"."User"."id", "public"."User"."email", "public"."User"."name", "public"."User"."passwordHash", "public"."User"."createdAt", "public"."User"."updatedAt"
prisma:query INSERT INTO "public"."User" ("id","email","name","passwordHash","createdAt","updatedAt") VALUES ($1,$2,$3,$4,$5,$6) RETURNING "public"."User"."id", "public"."User"."email", "public"."User"."name", "public"."User"."passwordHash", "public"."User"."createdAt", "public"."User"."updatedAt"
prisma:query INSERT INTO "public"."User" ("id","email","name","passwordHash","createdAt","updatedAt") VALUES ($1,$2,$3,$4,$5,$6) RETURNING "public"."User"."id", "public"."User"."email", "public"."User"."name", "public"."User"."passwordHash", "public"."User"."createdAt", "public"."User"."updatedAt"
prisma:query INSERT INTO "public"."User" ("id","email","name","passwordHash","createdAt","updatedAt") VALUES ($1,$2,$3,$4,$5,$6) RETURNING "public"."User"."id", "public"."User"."email", "public"."User"."name", "public"."User"."passwordHash", "public"."User"."createdAt", "public"."User"."updatedAt"
prisma:query INSERT INTO "public"."User" ("id","email","name","passwordHash","createdAt","updatedAt") VALUES ($1,$2,$3,$4,$5,$6) RETURNING "public"."User"."id", "public"."User"."email", "public"."User"."name", "public"."User"."passwordHash", "public"."User"."createdAt", "public"."User"."updatedAt"
prisma:query INSERT INTO "public"."User" ("id","email","name","passwordHash","createdAt","updatedAt") VALUES ($1,$2,$3,$4,$5,$6) RETURNING "public"."User"."id", "public"."User"."email", "public"."User"."name", "public"."User"."passwordHash", "public"."User"."createdAt", "public"."User"."updatedAt"
prisma:query INSERT INTO "public"."User" ("id","email","name","passwordHash","createdAt","updatedAt") VALUES ($1,$2,$3,$4,$5,$6) RETURNING "public"."User"."id", "public"."User"."email", "public"."User"."name", "public"."User"."passwordHash", "public"."User"."createdAt", "public"."User"."updatedAt"
prisma:query INSERT INTO "public"."User" ("id","email","name","passwordHash","createdAt","updatedAt") VALUES ($1,$2,$3,$4,$5,$6) RETURNING "public"."User"."id", "public"."User"."email", "public"."User"."name", "public"."User"."passwordHash", "public"."User"."createdAt", "public"."User"."updatedAt"
prisma:query INSERT INTO "public"."User" ("id","email","name","passwordHash","createdAt","updatedAt") VALUES ($1,$2,$3,$4,$5,$6) RETURNING "public"."User"."id", "public"."User"."email", "public"."User"."name", "public"."User"."passwordHash", "public"."User"."createdAt", "public"."User"."updatedAt"
prisma:query INSERT INTO "public"."User" ("id","email","name","passwordHash","createdAt","updatedAt") VALUES ($1,$2,$3,$4,$5,$6) RETURNING "public"."User"."id", "public"."User"."email", "public"."User"."name", "public"."User"."passwordHash", "public"."User"."createdAt", "public"."User"."updatedAt"
prisma:query INSERT INTO "public"."User" ("id","email","name","passwordHash","createdAt","updatedAt") VALUES ($1,$2,$3,$4,$5,$6) RETURNING "public"."User"."id", "public"."User"."email", "public"."User"."name", "public"."User"."passwordHash", "public"."User"."createdAt", "public"."User"."updatedAt"
prisma:query INSERT INTO "public"."User" ("id","email","name","passwordHash","createdAt","updatedAt") VALUES ($1,$2,$3,$4,$5,$6) RETURNING "public"."User"."id", "public"."User"."email", "public"."User"."name", "public"."User"."passwordHash", "public"."User"."createdAt", "public"."User"."updatedAt"
prisma:query INSERT INTO "public"."User" ("id","email","name","passwordHash","createdAt","updatedAt") VALUES ($1,$2,$3,$4,$5,$6) RETURNING "public"."User"."id", "public"."User"."email", "public"."User"."name", "public"."User"."passwordHash", "public"."User"."createdAt", "public"."User"."updatedAt"
prisma:query INSERT INTO "public"."User" ("id","email","name","passwordHash","createdAt","updatedAt") VALUES ($1,$2,$3,$4,$5,$6) RETURNING "public"."User"."id", "public"."User"."email", "public"."User"."name", "public"."User"."passwordHash", "public"."User"."createdAt", "public"."User"."updatedAt"
prisma:query INSERT INTO "public"."User" ("id","email","name","passwordHash","createdAt","updatedAt") VALUES ($1,$2,$3,$4,$5,$6) RETURNING "public"."User"."id", "public"."User"."email", "public"."User"."name", "public"."User"."passwordHash", "public"."User"."createdAt", "public"."User"."updatedAt"
prisma:query INSERT INTO "public"."User" ("id","email","name","passwordHash","createdAt","updatedAt") VALUES ($1,$2,$3,$4,$5,$6) RETURNING "public"."User"."id", "public"."User"."email", "public"."User"."name", "public"."User"."passwordHash", "public"."User"."createdAt", "public"."User"."updatedAt"
prisma:query INSERT INTO "public"."User" ("id","email","name","passwordHash","createdAt","updatedAt") VALUES ($1,$2,$3,$4,$5,$6) RETURNING "public"."User"."id", "public"."User"."email", "public"."User"."name", "public"."User"."passwordHash", "public"."User"."createdAt", "public"."User"."updatedAt"
prisma:query INSERT INTO "public"."User" ("id","email","name","passwordHash","createdAt","updatedAt") VALUES ($1,$2,$3,$4,$5,$6) RETURNING "public"."User"."id", "public"."User"."email", "public"."User"."name", "public"."User"."passwordHash", "public"."User"."createdAt", "public"."User"."updatedAt"
prisma:query INSERT INTO "public"."User" ("id","email","name","passwordHash","createdAt","updatedAt") VALUES ($1,$2,$3,$4,$5,$6) RETURNING "public"."User"."id", "public"."User"."email", "public"."User"."name", "public"."User"."passwordHash", "public"."User"."createdAt", "public"."User"."updatedAt"
prisma:query INSERT INTO "public"."User" ("id","email","name","passwordHash","createdAt","updatedAt") VALUES ($1,$2,$3,$4,$5,$6) RETURNING "public"."User"."id", "public"."User"."email", "public"."User"."name", "public"."User"."passwordHash", "public"."User"."createdAt", "public"."User"."updatedAt"
prisma:query INSERT INTO "public"."User" ("id","email","name","passwordHash","createdAt","updatedAt") VALUES ($1,$2,$3,$4,$5,$6) RETURNING "public"."User"."id", "public"."User"."email", "public"."User"."name", "public"."User"."passwordHash", "public"."User"."createdAt", "public"."User"."updatedAt"
prisma:query INSERT INTO "public"."User" ("id","email","name","passwordHash","createdAt","updatedAt") VALUES ($1,$2,$3,$4,$5,$6) RETURNING "public"."User"."id", "public"."User"."email", "public"."User"."name", "public"."User"."passwordHash", "public"."User"."createdAt", "public"."User"."updatedAt"
prisma:query INSERT INTO "public"."User" ("id","email","name","passwordHash","createdAt","updatedAt") VALUES ($1,$2,$3,$4,$5,$6) RETURNING "public"."User"."id", "public"."User"."email", "public"."User"."name", "public"."User"."passwordHash", "public"."User"."createdAt", "public"."User"."updatedAt"
prisma:query INSERT INTO "public"."User" ("id","email","name","passwordHash","createdAt","updatedAt") VALUES ($1,$2,$3,$4,$5,$6) RETURNING "public"."User"."id", "public"."User"."email", "public"."User"."name", "public"."User"."passwordHash", "public"."User"."createdAt", "public"."User"."updatedAt"
prisma:query INSERT INTO "public"."User" ("id","email","name","passwordHash","createdAt","updatedAt") VALUES ($1,$2,$3,$4,$5,$6) RETURNING "public"."User"."id", "public"."User"."email", "public"."User"."name", "public"."User"."passwordHash", "public"."User"."createdAt", "public"."User"."updatedAt"
prisma:query INSERT INTO "public"."User" ("id","email","name","passwordHash","createdAt","updatedAt") VALUES ($1,$2,$3,$4,$5,$6) RETURNING "public"."User"."id", "public"."User"."email", "public"."User"."name", "public"."User"."passwordHash", "public"."User"."createdAt", "public"."User"."updatedAt"
prisma:query INSERT INTO "public"."User" ("id","email","name","passwordHash","createdAt","updatedAt") VALUES ($1,$2,$3,$4,$5,$6) RETURNING "public"."User"."id", "public"."User"."email", "public"."User"."name", "public"."User"."passwordHash", "public"."User"."createdAt", "public"."User"."updatedAt"
prisma:query INSERT INTO "public"."User" ("id","email","name","passwordHash","createdAt","updatedAt") VALUES ($1,$2,$3,$4,$5,$6) RETURNING "public"."User"."id", "public"."User"."email", "public"."User"."name", "public"."User"."passwordHash", "public"."User"."createdAt", "public"."User"."updatedAt"
prisma:query INSERT INTO "public"."User" ("id","email","name","passwordHash","createdAt","updatedAt") VALUES ($1,$2,$3,$4,$5,$6) RETURNING "public"."User"."id", "public"."User"."email", "public"."User"."name", "public"."User"."passwordHash", "public"."User"."createdAt", "public"."User"."updatedAt"
prisma:query INSERT INTO "public"."User" ("id","email","name","passwordHash","createdAt","updatedAt") VALUES ($1,$2,$3,$4,$5,$6) RETURNING "public"."User"."id", "public"."User"."email", "public"."User"."name", "public"."User"."passwordHash", "public"."User"."createdAt", "public"."User"."updatedAt"
prisma:query INSERT INTO "public"."User" ("id","email","name","passwordHash","createdAt","updatedAt") VALUES ($1,$2,$3,$4,$5,$6) RETURNING "public"."User"."id", "public"."User"."email", "public"."User"."name", "public"."User"."passwordHash", "public"."User"."createdAt", "public"."User"."updatedAt"
prisma:query INSERT INTO "public"."User" ("id","email","name","passwordHash","createdAt","updatedAt") VALUES ($1,$2,$3,$4,$5,$6) RETURNING "public"."User"."id", "public"."User"."email", "public"."User"."name", "public"."User"."passwordHash", "public"."User"."createdAt", "public"."User"."updatedAt"
prisma:query INSERT INTO "public"."User" ("id","email","name","passwordHash","createdAt","updatedAt") VALUES ($1,$2,$3,$4,$5,$6) RETURNING "public"."User"."id", "public"."User"."email", "public"."User"."name", "public"."User"."passwordHash", "public"."User"."createdAt", "public"."User"."updatedAt"
prisma:query INSERT INTO "public"."User" ("id","email","name","passwordHash","createdAt","updatedAt") VALUES ($1,$2,$3,$4,$5,$6) RETURNING "public"."User"."id", "public"."User"."email", "public"."User"."name", "public"."User"."passwordHash", "public"."User"."createdAt", "public"."User"."updatedAt"
prisma:query INSERT INTO "public"."User" ("id","email","name","passwordHash","createdAt","updatedAt") VALUES ($1,$2,$3,$4,$5,$6) RETURNING "public"."User"."id", "public"."User"."email", "public"."User"."name", "public"."User"."passwordHash", "public"."User"."createdAt", "public"."User"."updatedAt"
prisma:query INSERT INTO "public"."User" ("id","email","name","passwordHash","createdAt","updatedAt") VALUES ($1,$2,$3,$4,$5,$6) RETURNING "public"."User"."id", "public"."User"."email", "public"."User"."name", "public"."User"."passwordHash", "public"."User"."createdAt", "public"."User"."updatedAt"
prisma:query INSERT INTO "public"."User" ("id","email","name","passwordHash","createdAt","updatedAt") VALUES ($1,$2,$3,$4,$5,$6) RETURNING "public"."User"."id", "public"."User"."email", "public"."User"."name", "public"."User"."passwordHash", "public"."User"."createdAt", "public"."User"."updatedAt"
prisma:query INSERT INTO "public"."User" ("id","email","name","passwordHash","createdAt","updatedAt") VALUES ($1,$2,$3,$4,$5,$6) RETURNING "public"."User"."id", "public"."User"."email", "public"."User"."name", "public"."User"."passwordHash", "public"."User"."createdAt", "public"."User"."updatedAt"
prisma:query INSERT INTO "public"."User" ("id","email","name","passwordHash","createdAt","updatedAt") VALUES ($1,$2,$3,$4,$5,$6) RETURNING "public"."User"."id", "public"."User"."email", "public"."User"."name", "public"."User"."passwordHash", "public"."User"."createdAt", "public"."User"."updatedAt"
prisma:query INSERT INTO "public"."User" ("id","email","name","passwordHash","createdAt","updatedAt") VALUES ($1,$2,$3,$4,$5,$6) RETURNING "public"."User"."id", "public"."User"."email", "public"."User"."name", "public"."User"."passwordHash", "public"."User"."createdAt", "public"."User"."updatedAt"
prisma:query INSERT INTO "public"."User" ("id","email","name","passwordHash","createdAt","updatedAt") VALUES ($1,$2,$3,$4,$5,$6) RETURNING "public"."User"."id", "public"."User"."email", "public"."User"."name", "public"."User"."passwordHash", "public"."User"."createdAt", "public"."User"."updatedAt"
prisma:query INSERT INTO "public"."User" ("id","email","name","passwordHash","createdAt","updatedAt") VALUES ($1,$2,$3,$4,$5,$6) RETURNING "public"."User"."id", "public"."User"."email", "public"."User"."name", "public"."User"."passwordHash", "public"."User"."createdAt", "public"."User"."updatedAt"
prisma:query INSERT INTO "public"."User" ("id","email","name","passwordHash","createdAt","updatedAt") VALUES ($1,$2,$3,$4,$5,$6) RETURNING "public"."User"."id", "public"."User"."email", "public"."User"."name", "public"."User"."passwordHash", "public"."User"."createdAt", "public"."User"."updatedAt"
prisma:query INSERT INTO "public"."User" ("id","email","name","passwordHash","createdAt","updatedAt") VALUES ($1,$2,$3,$4,$5,$6) RETURNING "public"."User"."id", "public"."User"."email", "public"."User"."name", "public"."User"."passwordHash", "public"."User"."createdAt", "public"."User"."updatedAt"
prisma:query INSERT INTO "public"."User" ("id","email","name","passwordHash","createdAt","updatedAt") VALUES ($1,$2,$3,$4,$5,$6) RETURNING "public"."User"."id", "public"."User"."email", "public"."User"."name", "public"."User"."passwordHash", "public"."User"."createdAt", "public"."User"."updatedAt"
prisma:query INSERT INTO "public"."User" ("id","email","name","passwordHash","createdAt","updatedAt") VALUES ($1,$2,$3,$4,$5,$6) RETURNING "public"."User"."id", "public"."User"."email", "public"."User"."name", "public"."User"."passwordHash", "public"."User"."createdAt", "public"."User"."updatedAt"
prisma:query INSERT INTO "public"."User" ("id","email","name","passwordHash","createdAt","updatedAt") VALUES ($1,$2,$3,$4,$5,$6) RETURNING "public"."User"."id", "public"."User"."email", "public"."User"."name", "public"."User"."passwordHash", "public"."User"."createdAt", "public"."User"."updatedAt"
prisma:query INSERT INTO "public"."User" ("id","email","name","passwordHash","createdAt","updatedAt") VALUES ($1,$2,$3,$4,$5,$6) RETURNING "public"."User"."id", "public"."User"."email", "public"."User"."name", "public"."User"."passwordHash", "public"."User"."createdAt", "public"."User"."updatedAt"
prisma:query INSERT INTO "public"."User" ("id","email","name","passwordHash","createdAt","updatedAt") VALUES ($1,$2,$3,$4,$5,$6) RETURNING "public"."User"."id", "public"."User"."email", "public"."User"."name", "public"."User"."passwordHash", "public"."User"."createdAt", "public"."User"."updatedAt"
prisma:query INSERT INTO "public"."User" ("id","email","name","passwordHash","createdAt","updatedAt") VALUES ($1,$2,$3,$4,$5,$6) RETURNING "public"."User"."id", "public"."User"."email", "public"."User"."name", "public"."User"."passwordHash", "public"."User"."createdAt", "public"."User"."updatedAt"
prisma:query INSERT INTO "public"."User" ("id","email","name","passwordHash","createdAt","updatedAt") VALUES ($1,$2,$3,$4,$5,$6) RETURNING "public"."User"."id", "public"."User"."email", "public"."User"."name", "public"."User"."passwordHash", "public"."User"."createdAt", "public"."User"."updatedAt"
prisma:query INSERT INTO "public"."User" ("id","email","name","passwordHash","createdAt","updatedAt") VALUES ($1,$2,$3,$4,$5,$6) RETURNING "public"."User"."id", "public"."User"."email", "public"."User"."name", "public"."User"."passwordHash", "public"."User"."createdAt", "public"."User"."updatedAt"
prisma:query INSERT INTO "public"."User" ("id","email","name","passwordHash","createdAt","updatedAt") VALUES ($1,$2,$3,$4,$5,$6) RETURNING "public"."User"."id", "public"."User"."email", "public"."User"."name", "public"."User"."passwordHash", "public"."User"."createdAt", "public"."User"."updatedAt"
prisma:query INSERT INTO "public"."User" ("id","email","name","passwordHash","createdAt","updatedAt") VALUES ($1,$2,$3,$4,$5,$6) RETURNING "public"."User"."id", "public"."User"."email", "public"."User"."name", "public"."User"."passwordHash", "public"."User"."createdAt", "public"."User"."updatedAt"
prisma:query INSERT INTO "public"."User" ("id","email","name","passwordHash","createdAt","updatedAt") VALUES ($1,$2,$3,$4,$5,$6) RETURNING "public"."User"."id", "public"."User"."email", "public"."User"."name", "public"."User"."passwordHash", "public"."User"."createdAt", "public"."User"."updatedAt"
prisma:query INSERT INTO "public"."User" ("id","email","name","passwordHash","createdAt","updatedAt") VALUES ($1,$2,$3,$4,$5,$6) RETURNING "public"."User"."id", "public"."User"."email", "public"."User"."name", "public"."User"."passwordHash", "public"."User"."createdAt", "public"."User"."updatedAt"
prisma:query INSERT INTO "public"."User" ("id","email","name","passwordHash","createdAt","updatedAt") VALUES ($1,$2,$3,$4,$5,$6) RETURNING "public"."User"."id", "public"."User"."email", "public"."User"."name", "public"."User"."passwordHash", "public"."User"."createdAt", "public"."User"."updatedAt"
prisma:query INSERT INTO "public"."User" ("id","email","name","passwordHash","createdAt","updatedAt") VALUES ($1,$2,$3,$4,$5,$6) RETURNING "public"."User"."id", "public"."User"."email", "public"."User"."name", "public"."User"."passwordHash", "public"."User"."createdAt", "public"."User"."updatedAt"
prisma:query INSERT INTO "public"."User" ("id","email","name","passwordHash","createdAt","updatedAt") VALUES ($1,$2,$3,$4,$5,$6) RETURNING "public"."User"."id", "public"."User"."email", "public"."User"."name", "public"."User"."passwordHash", "public"."User"."createdAt", "public"."User"."updatedAt"
prisma:query INSERT INTO "public"."User" ("id","email","name","passwordHash","createdAt","updatedAt") VALUES ($1,$2,$3,$4,$5,$6) RETURNING "public"."User"."id", "public"."User"."email", "public"."User"."name", "public"."User"."passwordHash", "public"."User"."createdAt", "public"."User"."updatedAt"
prisma:query INSERT INTO "public"."User" ("id","email","name","passwordHash","createdAt","updatedAt") VALUES ($1,$2,$3,$4,$5,$6) RETURNING "public"."User"."id", "public"."User"."email", "public"."User"."name", "public"."User"."passwordHash", "public"."User"."createdAt", "public"."User"."updatedAt"
prisma:query INSERT INTO "public"."User" ("id","email","name","passwordHash","createdAt","updatedAt") VALUES ($1,$2,$3,$4,$5,$6) RETURNING "public"."User"."id", "public"."User"."email", "public"."User"."name", "public"."User"."passwordHash", "public"."User"."createdAt", "public"."User"."updatedAt"
prisma:query INSERT INTO "public"."User" ("id","email","name","passwordHash","createdAt","updatedAt") VALUES ($1,$2,$3,$4,$5,$6) RETURNING "public"."User"."id", "public"."User"."email", "public"."User"."name", "public"."User"."passwordHash", "public"."User"."createdAt", "public"."User"."updatedAt"
prisma:query INSERT INTO "public"."User" ("id","email","name","passwordHash","createdAt","updatedAt") VALUES ($1,$2,$3,$4,$5,$6) RETURNING "public"."User"."id", "public"."User"."email", "public"."User"."name", "public"."User"."passwordHash", "public"."User"."createdAt", "public"."User"."updatedAt"
prisma:query INSERT INTO "public"."User" ("id","email","name","passwordHash","createdAt","updatedAt") VALUES ($1,$2,$3,$4,$5,$6) RETURNING "public"."User"."id", "public"."User"."email", "public"."User"."name", "public"."User"."passwordHash", "public"."User"."createdAt", "public"."User"."updatedAt"
prisma:query INSERT INTO "public"."User" ("id","email","name","passwordHash","createdAt","updatedAt") VALUES ($1,$2,$3,$4,$5,$6) RETURNING "public"."User"."id", "public"."User"."email", "public"."User"."name", "public"."User"."passwordHash", "public"."User"."createdAt", "public"."User"."updatedAt"
prisma:query INSERT INTO "public"."User" ("id","email","name","passwordHash","createdAt","updatedAt") VALUES ($1,$2,$3,$4,$5,$6) RETURNING "public"."User"."id", "public"."User"."email", "public"."User"."name", "public"."User"."passwordHash", "public"."User"."createdAt", "public"."User"."updatedAt"
prisma:query INSERT INTO "public"."User" ("id","email","name","passwordHash","createdAt","updatedAt") VALUES ($1,$2,$3,$4,$5,$6) RETURNING "public"."User"."id", "public"."User"."email", "public"."User"."name", "public"."User"."passwordHash", "public"."User"."createdAt", "public"."User"."updatedAt"
prisma:query INSERT INTO "public"."User" ("id","email","name","passwordHash","createdAt","updatedAt") VALUES ($1,$2,$3,$4,$5,$6) RETURNING "public"."User"."id", "public"."User"."email", "public"."User"."name", "public"."User"."passwordHash", "public"."User"."createdAt", "public"."User"."updatedAt"
prisma:query INSERT INTO "public"."User" ("id","email","name","passwordHash","createdAt","updatedAt") VALUES ($1,$2,$3,$4,$5,$6) RETURNING "public"."User"."id", "public"."User"."email", "public"."User"."name", "public"."User"."passwordHash", "public"."User"."createdAt", "public"."User"."updatedAt"
prisma:query INSERT INTO "public"."User" ("id","email","name","passwordHash","createdAt","updatedAt") VALUES ($1,$2,$3,$4,$5,$6) RETURNING "public"."User"."id", "public"."User"."email", "public"."User"."name", "public"."User"."passwordHash", "public"."User"."createdAt", "public"."User"."updatedAt"
prisma:query INSERT INTO "public"."User" ("id","email","name","passwordHash","createdAt","updatedAt") VALUES ($1,$2,$3,$4,$5,$6) RETURNING "public"."User"."id", "public"."User"."email", "public"."User"."name", "public"."User"."passwordHash", "public"."User"."createdAt", "public"."User"."updatedAt"
prisma:query INSERT INTO "public"."User" ("id","email","name","passwordHash","createdAt","updatedAt") VALUES ($1,$2,$3,$4,$5,$6) RETURNING "public"."User"."id", "public"."User"."email", "public"."User"."name", "public"."User"."passwordHash", "public"."User"."createdAt", "public"."User"."updatedAt"
prisma:query INSERT INTO "public"."User" ("id","email","name","passwordHash","createdAt","updatedAt") VALUES ($1,$2,$3,$4,$5,$6) RETURNING "public"."User"."id", "public"."User"."email", "public"."User"."name", "public"."User"."passwordHash", "public"."User"."createdAt", "public"."User"."updatedAt"
prisma:query INSERT INTO "public"."User" ("id","email","name","passwordHash","createdAt","updatedAt") VALUES ($1,$2,$3,$4,$5,$6) RETURNING "public"."User"."id", "public"."User"."email", "public"."User"."name", "public"."User"."passwordHash", "public"."User"."createdAt", "public"."User"."updatedAt"
prisma:query INSERT INTO "public"."User" ("id","email","name","passwordHash","createdAt","updatedAt") VALUES ($1,$2,$3,$4,$5,$6) RETURNING "public"."User"."id", "public"."User"."email", "public"."User"."name", "public"."User"."passwordHash", "public"."User"."createdAt", "public"."User"."updatedAt"
prisma:query INSERT INTO "public"."User" ("id","email","name","passwordHash","createdAt","updatedAt") VALUES ($1,$2,$3,$4,$5,$6) RETURNING "public"."User"."id", "public"."User"."email", "public"."User"."name", "public"."User"."passwordHash", "public"."User"."createdAt", "public"."User"."updatedAt"
prisma:query INSERT INTO "public"."User" ("id","email","name","passwordHash","createdAt","updatedAt") VALUES ($1,$2,$3,$4,$5,$6) RETURNING "public"."User"."id", "public"."User"."email", "public"."User"."name", "public"."User"."passwordHash", "public"."User"."createdAt", "public"."User"."updatedAt"
prisma:query INSERT INTO "public"."User" ("id","email","name","passwordHash","createdAt","updatedAt") VALUES ($1,$2,$3,$4,$5,$6) RETURNING "public"."User"."id", "public"."User"."email", "public"."User"."name", "public"."User"."passwordHash", "public"."User"."createdAt", "public"."User"."updatedAt"
prisma:query INSERT INTO "public"."User" ("id","email","name","passwordHash","createdAt","updatedAt") VALUES ($1,$2,$3,$4,$5,$6) RETURNING "public"."User"."id", "public"."User"."email", "public"."User"."name", "public"."User"."passwordHash", "public"."User"."createdAt", "public"."User"."updatedAt"
prisma:query INSERT INTO "public"."User" ("id","email","name","passwordHash","createdAt","updatedAt") VALUES ($1,$2,$3,$4,$5,$6) RETURNING "public"."User"."id", "public"."User"."email", "public"."User"."name", "public"."User"."passwordHash", "public"."User"."createdAt", "public"."User"."updatedAt"
prisma:query INSERT INTO "public"."User" ("id","email","name","passwordHash","createdAt","updatedAt") VALUES ($1,$2,$3,$4,$5,$6) RETURNING "public"."User"."id", "public"."User"."email", "public"."User"."name", "public"."User"."passwordHash", "public"."User"."createdAt", "public"."User"."updatedAt"
prisma:query INSERT INTO "public"."User" ("id","email","name","passwordHash","createdAt","updatedAt") VALUES ($1,$2,$3,$4,$5,$6) RETURNING "public"."User"."id", "public"."User"."email", "public"."User"."name", "public"."User"."passwordHash", "public"."User"."createdAt", "public"."User"."updatedAt"
prisma:query INSERT INTO "public"."User" ("id","email","name","passwordHash","createdAt","updatedAt") VALUES ($1,$2,$3,$4,$5,$6) RETURNING "public"."User"."id", "public"."User"."email", "public"."User"."name", "public"."User"."passwordHash", "public"."User"."createdAt", "public"."User"."updatedAt"
prisma:query INSERT INTO "public"."User" ("id","email","name","passwordHash","createdAt","updatedAt") VALUES ($1,$2,$3,$4,$5,$6) RETURNING "public"."User"."id", "public"."User"."email", "public"."User"."name", "public"."User"."passwordHash", "public"."User"."createdAt", "public"."User"."updatedAt"
prisma:query INSERT INTO "public"."User" ("id","email","name","passwordHash","createdAt","updatedAt") VALUES ($1,$2,$3,$4,$5,$6) RETURNING "public"."User"."id", "public"."User"."email", "public"."User"."name", "public"."User"."passwordHash", "public"."User"."createdAt", "public"."User"."updatedAt"
prisma:query INSERT INTO "public"."User" ("id","email","name","passwordHash","createdAt","updatedAt") VALUES ($1,$2,$3,$4,$5,$6) RETURNING "public"."User"."id", "public"."User"."email", "public"."User"."name", "public"."User"."passwordHash", "public"."User"."createdAt", "public"."User"."updatedAt"
prisma:query INSERT INTO "public"."User" ("id","email","name","passwordHash","createdAt","updatedAt") VALUES ($1,$2,$3,$4,$5,$6) RETURNING "public"."User"."id", "public"."User"."email", "public"."User"."name", "public"."User"."passwordHash", "public"."User"."createdAt", "public"."User"."updatedAt"
prisma:query INSERT INTO "public"."User" ("id","email","name","passwordHash","createdAt","updatedAt") VALUES ($1,$2,$3,$4,$5,$6) RETURNING "public"."User"."id", "public"."User"."email", "public"."User"."name", "public"."User"."passwordHash", "public"."User"."createdAt", "public"."User"."updatedAt"
prisma:query INSERT INTO "public"."User" ("id","email","name","passwordHash","createdAt","updatedAt") VALUES ($1,$2,$3,$4,$5,$6) RETURNING "public"."User"."id", "public"."User"."email", "public"."User"."name", "public"."User"."passwordHash", "public"."User"."createdAt", "public"."User"."updatedAt"
prisma:query INSERT INTO "public"."User" ("id","email","name","passwordHash","createdAt","updatedAt") VALUES ($1,$2,$3,$4,$5,$6) RETURNING "public"."User"."id", "public"."User"."email", "public"."User"."name", "public"."User"."passwordHash", "public"."User"."createdAt", "public"."User"."updatedAt"
prisma:query INSERT INTO "public"."User" ("id","email","name","passwordHash","createdAt","updatedAt") VALUES ($1,$2,$3,$4,$5,$6) RETURNING "public"."User"."id", "public"."User"."email", "public"."User"."name", "public"."User"."passwordHash", "public"."User"."createdAt", "public"."User"."updatedAt"
prisma:query INSERT INTO "public"."User" ("id","email","name","passwordHash","createdAt","updatedAt") VALUES ($1,$2,$3,$4,$5,$6) RETURNING "public"."User"."id", "public"."User"."email", "public"."User"."name", "public"."User"."passwordHash", "public"."User"."createdAt", "public"."User"."updatedAt"
prisma:query INSERT INTO "public"."User" ("id","email","name","passwordHash","createdAt","updatedAt") VALUES ($1,$2,$3,$4,$5,$6) RETURNING "public"."User"."id", "public"."User"."email", "public"."User"."name", "public"."User"."passwordHash", "public"."User"."createdAt", "public"."User"."updatedAt"
prisma:query INSERT INTO "public"."User" ("id","email","name","passwordHash","createdAt","updatedAt") VALUES ($1,$2,$3,$4,$5,$6) RETURNING "public"."User"."id", "public"."User"."email", "public"."User"."name", "public"."User"."passwordHash", "public"."User"."createdAt", "public"."User"."updatedAt"
prisma:query INSERT INTO "public"."User" ("id","email","name","passwordHash","createdAt","updatedAt") VALUES ($1,$2,$3,$4,$5,$6) RETURNING "public"."User"."id", "public"."User"."email", "public"."User"."name", "public"."User"."passwordHash", "public"."User"."createdAt", "public"."User"."updatedAt"
prisma:query INSERT INTO "public"."User" ("id","email","name","passwordHash","createdAt","updatedAt") VALUES ($1,$2,$3,$4,$5,$6) RETURNING "public"."User"."id", "public"."User"."email", "public"."User"."name", "public"."User"."passwordHash", "public"."User"."createdAt", "public"."User"."updatedAt"
prisma:query INSERT INTO "public"."User" ("id","email","name","passwordHash","createdAt","updatedAt") VALUES ($1,$2,$3,$4,$5,$6) RETURNING "public"."User"."id", "public"."User"."email", "public"."User"."name", "public"."User"."passwordHash", "public"."User"."createdAt", "public"."User"."updatedAt"
prisma:query INSERT INTO "public"."User" ("id","email","name","passwordHash","createdAt","updatedAt") VALUES ($1,$2,$3,$4,$5,$6) RETURNING "public"."User"."id", "public"."User"."email", "public"."User"."name", "public"."User"."passwordHash", "public"."User"."createdAt", "public"."User"."updatedAt"
prisma:query INSERT INTO "public"."User" ("id","email","name","passwordHash","createdAt","updatedAt") VALUES ($1,$2,$3,$4,$5,$6) RETURNING "public"."User"."id", "public"."User"."email", "public"."User"."name", "public"."User"."passwordHash", "public"."User"."createdAt", "public"."User"."updatedAt"
prisma:query INSERT INTO "public"."User" ("id","email","name","passwordHash","createdAt","updatedAt") VALUES ($1,$2,$3,$4,$5,$6) RETURNING "public"."User"."id", "public"."User"."email", "public"."User"."name", "public"."User"."passwordHash", "public"."User"."createdAt", "public"."User"."updatedAt"
prisma:query INSERT INTO "public"."User" ("id","email","name","passwordHash","createdAt","updatedAt") VALUES ($1,$2,$3,$4,$5,$6) RETURNING "public"."User"."id", "public"."User"."email", "public"."User"."name", "public"."User"."passwordHash", "public"."User"."createdAt", "public"."User"."updatedAt"
prisma:query INSERT INTO "public"."User" ("id","email","name","passwordHash","createdAt","updatedAt") VALUES ($1,$2,$3,$4,$5,$6) RETURNING "public"."User"."id", "public"."User"."email", "public"."User"."name", "public"."User"."passwordHash", "public"."User"."createdAt", "public"."User"."updatedAt"
prisma:query INSERT INTO "public"."User" ("id","email","name","passwordHash","createdAt","updatedAt") VALUES ($1,$2,$3,$4,$5,$6) RETURNING "public"."User"."id", "public"."User"."email", "public"."User"."name", "public"."User"."passwordHash", "public"."User"."createdAt", "public"."User"."updatedAt"
prisma:query INSERT INTO "public"."User" ("id","email","name","passwordHash","createdAt","updatedAt") VALUES ($1,$2,$3,$4,$5,$6) RETURNING "public"."User"."id", "public"."User"."email", "public"."User"."name", "public"."User"."passwordHash", "public"."User"."createdAt", "public"."User"."updatedAt"
prisma:query INSERT INTO "public"."User" ("id","email","name","passwordHash","createdAt","updatedAt") VALUES ($1,$2,$3,$4,$5,$6) RETURNING "public"."User"."id", "public"."User"."email", "public"."User"."name", "public"."User"."passwordHash", "public"."User"."createdAt", "public"."User"."updatedAt"
prisma:query INSERT INTO "public"."User" ("id","email","name","passwordHash","createdAt","updatedAt") VALUES ($1,$2,$3,$4,$5,$6) RETURNING "public"."User"."id", "public"."User"."email", "public"."User"."name", "public"."User"."passwordHash", "public"."User"."createdAt", "public"."User"."updatedAt"
prisma:query INSERT INTO "public"."User" ("id","email","name","passwordHash","createdAt","updatedAt") VALUES ($1,$2,$3,$4,$5,$6) RETURNING "public"."User"."id", "public"."User"."email", "public"."User"."name", "public"."User"."passwordHash", "public"."User"."createdAt", "public"."User"."updatedAt"
prisma:query INSERT INTO "public"."User" ("id","email","name","passwordHash","createdAt","updatedAt") VALUES ($1,$2,$3,$4,$5,$6) RETURNING "public"."User"."id", "public"."User"."email", "public"."User"."name", "public"."User"."passwordHash", "public"."User"."createdAt", "public"."User"."updatedAt"
prisma:query INSERT INTO "public"."User" ("id","email","name","passwordHash","createdAt","updatedAt") VALUES ($1,$2,$3,$4,$5,$6) RETURNING "public"."User"."id", "public"."User"."email", "public"."User"."name", "public"."User"."passwordHash", "public"."User"."createdAt", "public"."User"."updatedAt"
prisma:query INSERT INTO "public"."User" ("id","email","name","passwordHash","createdAt","updatedAt") VALUES ($1,$2,$3,$4,$5,$6) RETURNING "public"."User"."id", "public"."User"."email", "public"."User"."name", "public"."User"."passwordHash", "public"."User"."createdAt", "public"."User"."updatedAt"
prisma:query INSERT INTO "public"."User" ("id","email","name","passwordHash","createdAt","updatedAt") VALUES ($1,$2,$3,$4,$5,$6) RETURNING "public"."User"."id", "public"."User"."email", "public"."User"."name", "public"."User"."passwordHash", "public"."User"."createdAt", "public"."User"."updatedAt"
 GET /api/auth/session 200 in 47ms (next.js: 25ms, application-code: 21ms)
prisma:query INSERT INTO "public"."User" ("id","email","name","passwordHash","createdAt","updatedAt") VALUES ($1,$2,$3,$4,$5,$6) RETURNING "public"."User"."id", "public"."User"."email", "public"."User"."name", "public"."User"."passwordHash", "public"."User"."createdAt", "public"."User"."updatedAt"
prisma:query INSERT INTO "public"."User" ("id","email","name","passwordHash","createdAt","updatedAt") VALUES ($1,$2,$3,$4,$5,$6) RETURNING "public"."User"."id", "public"."User"."email", "public"."User"."name", "public"."User"."passwordHash", "public"."User"."createdAt", "public"."User"."updatedAt"
prisma:query INSERT INTO "public"."User" ("id","email","name","passwordHash","createdAt","updatedAt") VALUES ($1,$2,$3,$4,$5,$6) RETURNING "public"."User"."id", "public"."User"."email", "public"."User"."name", "public"."User"."passwordHash", "public"."User"."createdAt", "public"."User"."updatedAt"
prisma:query INSERT INTO "public"."User" ("id","email","name","passwordHash","createdAt","updatedAt") VALUES ($1,$2,$3,$4,$5,$6) RETURNING "public"."User"."id", "public"."User"."email", "public"."User"."name", "public"."User"."passwordHash", "public"."User"."createdAt", "public"."User"."updatedAt"
prisma:query INSERT INTO "public"."User" ("id","email","name","passwordHash","createdAt","updatedAt") VALUES ($1,$2,$3,$4,$5,$6) RETURNING "public"."User"."id", "public"."User"."email", "public"."User"."name", "public"."User"."passwordHash", "public"."User"."createdAt", "public"."User"."updatedAt"
prisma:query INSERT INTO "public"."User" ("id","email","name","passwordHash","createdAt","updatedAt") VALUES ($1,$2,$3,$4,$5,$6) RETURNING "public"."User"."id", "public"."User"."email", "public"."User"."name", "public"."User"."passwordHash", "public"."User"."createdAt", "public"."User"."updatedAt"
prisma:query INSERT INTO "public"."User" ("id","email","name","passwordHash","createdAt","updatedAt") VALUES ($1,$2,$3,$4,$5,$6) RETURNING "public"."User"."id", "public"."User"."email", "public"."User"."name", "public"."User"."passwordHash", "public"."User"."createdAt", "public"."User"."updatedAt"
prisma:query INSERT INTO "public"."User" ("id","email","name","passwordHash","createdAt","updatedAt") VALUES ($1,$2,$3,$4,$5,$6) RETURNING "public"."User"."id", "public"."User"."email", "public"."User"."name", "public"."User"."passwordHash", "public"."User"."createdAt", "public"."User"."updatedAt"
prisma:query INSERT INTO "public"."User" ("id","email","name","passwordHash","createdAt","updatedAt") VALUES ($1,$2,$3,$4,$5,$6) RETURNING "public"."User"."id", "public"."User"."email", "public"."User"."name", "public"."User"."passwordHash", "public"."User"."createdAt", "public"."User"."updatedAt"
prisma:query INSERT INTO "public"."User" ("id","email","name","passwordHash","createdAt","updatedAt") VALUES ($1,$2,$3,$4,$5,$6) RETURNING "public"."User"."id", "public"."User"."email", "public"."User"."name", "public"."User"."passwordHash", "public"."User"."createdAt", "public"."User"."updatedAt"
prisma:query INSERT INTO "public"."User" ("id","email","name","passwordHash","createdAt","updatedAt") VALUES ($1,$2,$3,$4,$5,$6) RETURNING "public"."User"."id", "public"."User"."email", "public"."User"."name", "public"."User"."passwordHash", "public"."User"."createdAt", "public"."User"."updatedAt"
prisma:query INSERT INTO "public"."User" ("id","email","name","passwordHash","createdAt","updatedAt") VALUES ($1,$2,$3,$4,$5,$6) RETURNING "public"."User"."id", "public"."User"."email", "public"."User"."name", "public"."User"."passwordHash", "public"."User"."createdAt", "public"."User"."updatedAt"
prisma:query INSERT INTO "public"."User" ("id","email","name","passwordHash","createdAt","updatedAt") VALUES ($1,$2,$3,$4,$5,$6) RETURNING "public"."User"."id", "public"."User"."email", "public"."User"."name", "public"."User"."passwordHash", "public"."User"."createdAt", "public"."User"."updatedAt"
prisma:query INSERT INTO "public"."User" ("id","email","name","passwordHash","createdAt","updatedAt") VALUES ($1,$2,$3,$4,$5,$6) RETURNING "public"."User"."id", "public"."User"."email", "public"."User"."name", "public"."User"."passwordHash", "public"."User"."createdAt", "public"."User"."updatedAt"
prisma:query INSERT INTO "public"."User" ("id","email","name","passwordHash","createdAt","updatedAt") VALUES ($1,$2,$3,$4,$5,$6) RETURNING "public"."User"."id", "public"."User"."email", "public"."User"."name", "public"."User"."passwordHash", "public"."User"."createdAt", "public"."User"."updatedAt"
prisma:query INSERT INTO "public"."User" ("id","email","name","passwordHash","createdAt","updatedAt") VALUES ($1,$2,$3,$4,$5,$6) RETURNING "public"."User"."id", "public"."User"."email", "public"."User"."name", "public"."User"."passwordHash", "public"."User"."createdAt", "public"."User"."updatedAt"
prisma:query INSERT INTO "public"."User" ("id","email","name","passwordHash","createdAt","updatedAt") VALUES ($1,$2,$3,$4,$5,$6) RETURNING "public"."User"."id", "public"."User"."email", "public"."User"."name", "public"."User"."passwordHash", "public"."User"."createdAt", "public"."User"."updatedAt"
prisma:query INSERT INTO "public"."User" ("id","email","name","passwordHash","createdAt","updatedAt") VALUES ($1,$2,$3,$4,$5,$6) RETURNING "public"."User"."id", "public"."User"."email", "public"."User"."name", "public"."User"."passwordHash", "public"."User"."createdAt", "public"."User"."updatedAt"
prisma:query INSERT INTO "public"."User" ("id","email","name","passwordHash","createdAt","updatedAt") VALUES ($1,$2,$3,$4,$5,$6) RETURNING "public"."User"."id", "public"."User"."email", "public"."User"."name", "public"."User"."passwordHash", "public"."User"."createdAt", "public"."User"."updatedAt"
prisma:query INSERT INTO "public"."User" ("id","email","name","passwordHash","createdAt","updatedAt") VALUES ($1,$2,$3,$4,$5,$6) RETURNING "public"."User"."id", "public"."User"."email", "public"."User"."name", "public"."User"."passwordHash", "public"."User"."createdAt", "public"."User"."updatedAt"
prisma:query INSERT INTO "public"."User" ("id","email","name","passwordHash","createdAt","updatedAt") VALUES ($1,$2,$3,$4,$5,$6) RETURNING "public"."User"."id", "public"."User"."email", "public"."User"."name", "public"."User"."passwordHash", "public"."User"."createdAt", "public"."User"."updatedAt"
prisma:query INSERT INTO "public"."User" ("id","email","name","passwordHash","createdAt","updatedAt") VALUES ($1,$2,$3,$4,$5,$6) RETURNING "public"."User"."id", "public"."User"."email", "public"."User"."name", "public"."User"."passwordHash", "public"."User"."createdAt", "public"."User"."updatedAt"
prisma:query INSERT INTO "public"."User" ("id","email","name","passwordHash","createdAt","updatedAt") VALUES ($1,$2,$3,$4,$5,$6) RETURNING "public"."User"."id", "public"."User"."email", "public"."User"."name", "public"."User"."passwordHash", "public"."User"."createdAt", "public"."User"."updatedAt"
prisma:query INSERT INTO "public"."User" ("id","email","name","passwordHash","createdAt","updatedAt") VALUES ($1,$2,$3,$4,$5,$6) RETURNING "public"."User"."id", "public"."User"."email", "public"."User"."name", "public"."User"."passwordHash", "public"."User"."createdAt", "public"."User"."updatedAt"
prisma:query INSERT INTO "public"."User" ("id","email","name","passwordHash","createdAt","updatedAt") VALUES ($1,$2,$3,$4,$5,$6) RETURNING "public"."User"."id", "public"."User"."email", "public"."User"."name", "public"."User"."passwordHash", "public"."User"."createdAt", "public"."User"."updatedAt"
prisma:query INSERT INTO "public"."User" ("id","email","name","passwordHash","createdAt","updatedAt") VALUES ($1,$2,$3,$4,$5,$6) RETURNING "public"."User"."id", "public"."User"."email", "public"."User"."name", "public"."User"."passwordHash", "public"."User"."createdAt", "public"."User"."updatedAt"
prisma:query INSERT INTO "public"."User" ("id","email","name","passwordHash","createdAt","updatedAt") VALUES ($1,$2,$3,$4,$5,$6) RETURNING "public"."User"."id", "public"."User"."email", "public"."User"."name", "public"."User"."passwordHash", "public"."User"."createdAt", "public"."User"."updatedAt"
prisma:query INSERT INTO "public"."User" ("id","email","name","passwordHash","createdAt","updatedAt") VALUES ($1,$2,$3,$4,$5,$6) RETURNING "public"."User"."id", "public"."User"."email", "public"."User"."name", "public"."User"."passwordHash", "public"."User"."createdAt", "public"."User"."updatedAt"
prisma:query INSERT INTO "public"."User" ("id","email","name","passwordHash","createdAt","updatedAt") VALUES ($1,$2,$3,$4,$5,$6) RETURNING "public"."User"."id", "public"."User"."email", "public"."User"."name", "public"."User"."passwordHash", "public"."User"."createdAt", "public"."User"."updatedAt"
prisma:query INSERT INTO "public"."User" ("id","email","name","passwordHash","createdAt","updatedAt") VALUES ($1,$2,$3,$4,$5,$6) RETURNING "public"."User"."id", "public"."User"."email", "public"."User"."name", "public"."User"."passwordHash", "public"."User"."createdAt", "public"."User"."updatedAt"
prisma:query INSERT INTO "public"."User" ("id","email","name","passwordHash","createdAt","updatedAt") VALUES ($1,$2,$3,$4,$5,$6) RETURNING "public"."User"."id", "public"."User"."email", "public"."User"."name", "public"."User"."passwordHash", "public"."User"."createdAt", "public"."User"."updatedAt"
prisma:query INSERT INTO "public"."User" ("id","email","name","passwordHash","createdAt","updatedAt") VALUES ($1,$2,$3,$4,$5,$6) RETURNING "public"."User"."id", "public"."User"."email", "public"."User"."name", "public"."User"."passwordHash", "public"."User"."createdAt", "public"."User"."updatedAt"
prisma:query INSERT INTO "public"."User" ("id","email","name","passwordHash","createdAt","updatedAt") VALUES ($1,$2,$3,$4,$5,$6) RETURNING "public"."User"."id", "public"."User"."email", "public"."User"."name", "public"."User"."passwordHash", "public"."User"."createdAt", "public"."User"."updatedAt"
prisma:query INSERT INTO "public"."User" ("id","email","name","passwordHash","createdAt","updatedAt") VALUES ($1,$2,$3,$4,$5,$6) RETURNING "public"."User"."id", "public"."User"."email", "public"."User"."name", "public"."User"."passwordHash", "public"."User"."createdAt", "public"."User"."updatedAt"
prisma:query INSERT INTO "public"."User" ("id","email","name","passwordHash","createdAt","updatedAt") VALUES ($1,$2,$3,$4,$5,$6) RETURNING "public"."User"."id", "public"."User"."email", "public"."User"."name", "public"."User"."passwordHash", "public"."User"."createdAt", "public"."User"."updatedAt"
prisma:query INSERT INTO "public"."User" ("id","email","name","passwordHash","createdAt","updatedAt") VALUES ($1,$2,$3,$4,$5,$6) RETURNING "public"."User"."id", "public"."User"."email", "public"."User"."name", "public"."User"."passwordHash", "public"."User"."createdAt", "public"."User"."updatedAt"
prisma:query INSERT INTO "public"."User" ("id","email","name","passwordHash","createdAt","updatedAt") VALUES ($1,$2,$3,$4,$5,$6) RETURNING "public"."User"."id", "public"."User"."email", "public"."User"."name", "public"."User"."passwordHash", "public"."User"."createdAt", "public"."User"."updatedAt"
prisma:query INSERT INTO "public"."User" ("id","email","name","passwordHash","createdAt","updatedAt") VALUES ($1,$2,$3,$4,$5,$6) RETURNING "public"."User"."id", "public"."User"."email", "public"."User"."name", "public"."User"."passwordHash", "public"."User"."createdAt", "public"."User"."updatedAt"
prisma:query INSERT INTO "public"."User" ("id","email","name","passwordHash","createdAt","updatedAt") VALUES ($1,$2,$3,$4,$5,$6) RETURNING "public"."User"."id", "public"."User"."email", "public"."User"."name", "public"."User"."passwordHash", "public"."User"."createdAt", "public"."User"."updatedAt"
prisma:query INSERT INTO "public"."User" ("id","email","name","passwordHash","createdAt","updatedAt") VALUES ($1,$2,$3,$4,$5,$6) RETURNING "public"."User"."id", "public"."User"."email", "public"."User"."name", "public"."User"."passwordHash", "public"."User"."createdAt", "public"."User"."updatedAt"
prisma:query INSERT INTO "public"."User" ("id","email","name","passwordHash","createdAt","updatedAt") VALUES ($1,$2,$3,$4,$5,$6) RETURNING "public"."User"."id", "public"."User"."email", "public"."User"."name", "public"."User"."passwordHash", "public"."User"."createdAt", "public"."User"."updatedAt"
prisma:query INSERT INTO "public"."User" ("id","email","name","passwordHash","createdAt","updatedAt") VALUES ($1,$2,$3,$4,$5,$6) RETURNING "public"."User"."id", "public"."User"."email", "public"."User"."name", "public"."User"."passwordHash", "public"."User"."createdAt", "public"."User"."updatedAt"
prisma:query INSERT INTO "public"."User" ("id","email","name","passwordHash","createdAt","updatedAt") VALUES ($1,$2,$3,$4,$5,$6) RETURNING "public"."User"."id", "public"."User"."email", "public"."User"."name", "public"."User"."passwordHash", "public"."User"."createdAt", "public"."User"."updatedAt"
prisma:query INSERT INTO "public"."User" ("id","email","name","passwordHash","createdAt","updatedAt") VALUES ($1,$2,$3,$4,$5,$6) RETURNING "public"."User"."id", "public"."User"."email", "public"."User"."name", "public"."User"."passwordHash", "public"."User"."createdAt", "public"."User"."updatedAt"
prisma:query INSERT INTO "public"."User" ("id","email","name","passwordHash","createdAt","updatedAt") VALUES ($1,$2,$3,$4,$5,$6) RETURNING "public"."User"."id", "public"."User"."email", "public"."User"."name", "public"."User"."passwordHash", "public"."User"."createdAt", "public"."User"."updatedAt"
prisma:query INSERT INTO "public"."User" ("id","email","name","passwordHash","createdAt","updatedAt") VALUES ($1,$2,$3,$4,$5,$6) RETURNING "public"."User"."id", "public"."User"."email", "public"."User"."name", "public"."User"."passwordHash", "public"."User"."createdAt", "public"."User"."updatedAt"
prisma:query INSERT INTO "public"."User" ("id","email","name","passwordHash","createdAt","updatedAt") VALUES ($1,$2,$3,$4,$5,$6) RETURNING "public"."User"."id", "public"."User"."email", "public"."User"."name", "public"."User"."passwordHash", "public"."User"."createdAt", "public"."User"."updatedAt"
prisma:query SELECT "public"."Seat"."id", "public"."Seat"."seatLabel", "public"."Seat"."rowChar", "public"."Seat"."seatNumber", "public"."Seat"."createdAt" FROM "public"."Seat" WHERE "public"."Seat"."id" IN ($1) OFFSET $2
prisma:query SELECT "public"."Seat"."id", "public"."Seat"."seatLabel", "public"."Seat"."rowChar", "public"."Seat"."seatNumber", "public"."Seat"."createdAt" FROM "public"."Seat" WHERE "public"."Seat"."id" IN ($1,$2,$3) OFFSET $4
prisma:query SELECT "public"."Seat"."id", "public"."Seat"."seatLabel", "public"."Seat"."rowChar", "public"."Seat"."seatNumber", "public"."Seat"."createdAt" FROM "public"."Seat" WHERE "public"."Seat"."id" IN ($1,$2) OFFSET $3
prisma:query SELECT "public"."Seat"."id", "public"."Seat"."seatLabel", "public"."Seat"."rowChar", "public"."Seat"."seatNumber", "public"."Seat"."createdAt" FROM "public"."Seat" WHERE "public"."Seat"."id" IN ($1) OFFSET $2
prisma:query SELECT "public"."Seat"."id", "public"."Seat"."seatLabel", "public"."Seat"."rowChar", "public"."Seat"."seatNumber", "public"."Seat"."createdAt" FROM "public"."Seat" WHERE "public"."Seat"."id" IN ($1) OFFSET $2
prisma:query SELECT "public"."Seat"."id", "public"."Seat"."seatLabel", "public"."Seat"."rowChar", "public"."Seat"."seatNumber", "public"."Seat"."createdAt" FROM "public"."Seat" WHERE "public"."Seat"."id" IN ($1,$2) OFFSET $3
prisma:query SELECT "public"."Seat"."id", "public"."Seat"."seatLabel", "public"."Seat"."rowChar", "public"."Seat"."seatNumber", "public"."Seat"."createdAt" FROM "public"."Seat" WHERE "public"."Seat"."id" IN ($1) OFFSET $2
prisma:query SELECT "public"."Seat"."id", "public"."Seat"."seatLabel", "public"."Seat"."rowChar", "public"."Seat"."seatNumber", "public"."Seat"."createdAt" FROM "public"."Seat" WHERE "public"."Seat"."id" IN ($1) OFFSET $2
prisma:query SELECT "public"."Seat"."id", "public"."Seat"."seatLabel", "public"."Seat"."rowChar", "public"."Seat"."seatNumber", "public"."Seat"."createdAt" FROM "public"."Seat" WHERE "public"."Seat"."id" IN ($1,$2,$3) OFFSET $4
prisma:query SELECT "public"."Seat"."id", "public"."Seat"."seatLabel", "public"."Seat"."rowChar", "public"."Seat"."seatNumber", "public"."Seat"."createdAt" FROM "public"."Seat" WHERE "public"."Seat"."id" IN ($1,$2,$3) OFFSET $4
prisma:query SELECT "public"."Seat"."id", "public"."Seat"."seatLabel", "public"."Seat"."rowChar", "public"."Seat"."seatNumber", "public"."Seat"."createdAt" FROM "public"."Seat" WHERE "public"."Seat"."id" IN ($1) OFFSET $2
prisma:query SELECT "public"."Seat"."id", "public"."Seat"."seatLabel", "public"."Seat"."rowChar", "public"."Seat"."seatNumber", "public"."Seat"."createdAt" FROM "public"."Seat" WHERE "public"."Seat"."id" IN ($1,$2) OFFSET $3
prisma:query SELECT "public"."Seat"."id", "public"."Seat"."seatLabel", "public"."Seat"."rowChar", "public"."Seat"."seatNumber", "public"."Seat"."createdAt" FROM "public"."Seat" WHERE "public"."Seat"."id" IN ($1,$2) OFFSET $3
prisma:query SELECT "public"."Seat"."id", "public"."Seat"."seatLabel", "public"."Seat"."rowChar", "public"."Seat"."seatNumber", "public"."Seat"."createdAt" FROM "public"."Seat" WHERE "public"."Seat"."id" IN ($1,$2,$3) OFFSET $4
prisma:query SELECT "public"."Seat"."id", "public"."Seat"."seatLabel", "public"."Seat"."rowChar", "public"."Seat"."seatNumber", "public"."Seat"."createdAt" FROM "public"."Seat" WHERE "public"."Seat"."id" IN ($1) OFFSET $2
prisma:query SELECT "public"."Seat"."id", "public"."Seat"."seatLabel", "public"."Seat"."rowChar", "public"."Seat"."seatNumber", "public"."Seat"."createdAt" FROM "public"."Seat" WHERE "public"."Seat"."id" IN ($1) OFFSET $2
prisma:query SELECT "public"."Seat"."id", "public"."Seat"."seatLabel", "public"."Seat"."rowChar", "public"."Seat"."seatNumber", "public"."Seat"."createdAt" FROM "public"."Seat" WHERE "public"."Seat"."id" IN ($1,$2,$3) OFFSET $4
prisma:query SELECT "public"."Seat"."id", "public"."Seat"."seatLabel", "public"."Seat"."rowChar", "public"."Seat"."seatNumber", "public"."Seat"."createdAt" FROM "public"."Seat" WHERE "public"."Seat"."id" IN ($1) OFFSET $2
prisma:query SELECT "public"."Seat"."id", "public"."Seat"."seatLabel", "public"."Seat"."rowChar", "public"."Seat"."seatNumber", "public"."Seat"."createdAt" FROM "public"."Seat" WHERE "public"."Seat"."id" IN ($1) OFFSET $2
prisma:query SELECT "public"."Seat"."id", "public"."Seat"."seatLabel", "public"."Seat"."rowChar", "public"."Seat"."seatNumber", "public"."Seat"."createdAt" FROM "public"."Seat" WHERE "public"."Seat"."id" IN ($1) OFFSET $2
prisma:query SELECT "public"."Seat"."id", "public"."Seat"."seatLabel", "public"."Seat"."rowChar", "public"."Seat"."seatNumber", "public"."Seat"."createdAt" FROM "public"."Seat" WHERE "public"."Seat"."id" IN ($1,$2,$3) OFFSET $4
prisma:query SELECT "public"."Seat"."id", "public"."Seat"."seatLabel", "public"."Seat"."rowChar", "public"."Seat"."seatNumber", "public"."Seat"."createdAt" FROM "public"."Seat" WHERE "public"."Seat"."id" IN ($1,$2) OFFSET $3
prisma:query SELECT "public"."Seat"."id", "public"."Seat"."seatLabel", "public"."Seat"."rowChar", "public"."Seat"."seatNumber", "public"."Seat"."createdAt" FROM "public"."Seat" WHERE "public"."Seat"."id" IN ($1,$2) OFFSET $3
prisma:query SELECT "public"."Seat"."id", "public"."Seat"."seatLabel", "public"."Seat"."rowChar", "public"."Seat"."seatNumber", "public"."Seat"."createdAt" FROM "public"."Seat" WHERE "public"."Seat"."id" IN ($1) OFFSET $2
prisma:query SELECT "public"."Seat"."id", "public"."Seat"."seatLabel", "public"."Seat"."rowChar", "public"."Seat"."seatNumber", "public"."Seat"."createdAt" FROM "public"."Seat" WHERE "public"."Seat"."id" IN ($1,$2,$3) OFFSET $4
prisma:query SELECT "public"."Seat"."id", "public"."Seat"."seatLabel", "public"."Seat"."rowChar", "public"."Seat"."seatNumber", "public"."Seat"."createdAt" FROM "public"."Seat" WHERE "public"."Seat"."id" IN ($1,$2,$3) OFFSET $4
prisma:query SELECT "public"."Seat"."id", "public"."Seat"."seatLabel", "public"."Seat"."rowChar", "public"."Seat"."seatNumber", "public"."Seat"."createdAt" FROM "public"."Seat" WHERE "public"."Seat"."id" IN ($1) OFFSET $2
prisma:query SELECT "public"."Seat"."id", "public"."Seat"."seatLabel", "public"."Seat"."rowChar", "public"."Seat"."seatNumber", "public"."Seat"."createdAt" FROM "public"."Seat" WHERE "public"."Seat"."id" IN ($1) OFFSET $2
prisma:query SELECT "public"."Seat"."id", "public"."Seat"."seatLabel", "public"."Seat"."rowChar", "public"."Seat"."seatNumber", "public"."Seat"."createdAt" FROM "public"."Seat" WHERE "public"."Seat"."id" IN ($1) OFFSET $2
prisma:query SELECT "public"."Seat"."id", "public"."Seat"."seatLabel", "public"."Seat"."rowChar", "public"."Seat"."seatNumber", "public"."Seat"."createdAt" FROM "public"."Seat" WHERE "public"."Seat"."id" IN ($1,$2,$3) OFFSET $4
prisma:query SELECT "public"."Seat"."id", "public"."Seat"."seatLabel", "public"."Seat"."rowChar", "public"."Seat"."seatNumber", "public"."Seat"."createdAt" FROM "public"."Seat" WHERE "public"."Seat"."id" IN ($1,$2) OFFSET $3
prisma:query SELECT "public"."Seat"."id", "public"."Seat"."seatLabel", "public"."Seat"."rowChar", "public"."Seat"."seatNumber", "public"."Seat"."createdAt" FROM "public"."Seat" WHERE "public"."Seat"."id" IN ($1,$2,$3) OFFSET $4
prisma:query SELECT "public"."Seat"."id", "public"."Seat"."seatLabel", "public"."Seat"."rowChar", "public"."Seat"."seatNumber", "public"."Seat"."createdAt" FROM "public"."Seat" WHERE "public"."Seat"."id" IN ($1) OFFSET $2
prisma:query SELECT "public"."Seat"."id", "public"."Seat"."seatLabel", "public"."Seat"."rowChar", "public"."Seat"."seatNumber", "public"."Seat"."createdAt" FROM "public"."Seat" WHERE "public"."Seat"."id" IN ($1,$2) OFFSET $3
prisma:query SELECT "public"."Seat"."id", "public"."Seat"."seatLabel", "public"."Seat"."rowChar", "public"."Seat"."seatNumber", "public"."Seat"."createdAt" FROM "public"."Seat" WHERE "public"."Seat"."id" IN ($1,$2,$3) OFFSET $4
prisma:query SELECT "public"."Seat"."id", "public"."Seat"."seatLabel", "public"."Seat"."rowChar", "public"."Seat"."seatNumber", "public"."Seat"."createdAt" FROM "public"."Seat" WHERE "public"."Seat"."id" IN ($1,$2) OFFSET $3
prisma:query SELECT "public"."Seat"."id", "public"."Seat"."seatLabel", "public"."Seat"."rowChar", "public"."Seat"."seatNumber", "public"."Seat"."createdAt" FROM "public"."Seat" WHERE "public"."Seat"."id" IN ($1,$2) OFFSET $3
prisma:query SELECT "public"."Seat"."id", "public"."Seat"."seatLabel", "public"."Seat"."rowChar", "public"."Seat"."seatNumber", "public"."Seat"."createdAt" FROM "public"."Seat" WHERE "public"."Seat"."id" IN ($1) OFFSET $2
prisma:query SELECT "public"."Seat"."id", "public"."Seat"."seatLabel", "public"."Seat"."rowChar", "public"."Seat"."seatNumber", "public"."Seat"."createdAt" FROM "public"."Seat" WHERE "public"."Seat"."id" IN ($1) OFFSET $2
prisma:query SELECT "public"."Seat"."id", "public"."Seat"."seatLabel", "public"."Seat"."rowChar", "public"."Seat"."seatNumber", "public"."Seat"."createdAt" FROM "public"."Seat" WHERE "public"."Seat"."id" IN ($1) OFFSET $2
prisma:query SELECT "public"."Seat"."id", "public"."Seat"."seatLabel", "public"."Seat"."rowChar", "public"."Seat"."seatNumber", "public"."Seat"."createdAt" FROM "public"."Seat" WHERE "public"."Seat"."id" IN ($1,$2) OFFSET $3
prisma:query SELECT "public"."Seat"."id", "public"."Seat"."seatLabel", "public"."Seat"."rowChar", "public"."Seat"."seatNumber", "public"."Seat"."createdAt" FROM "public"."Seat" WHERE "public"."Seat"."id" IN ($1) OFFSET $2
prisma:query SELECT "public"."Seat"."id", "public"."Seat"."seatLabel", "public"."Seat"."rowChar", "public"."Seat"."seatNumber", "public"."Seat"."createdAt" FROM "public"."Seat" WHERE "public"."Seat"."id" IN ($1) OFFSET $2
prisma:query SELECT "public"."Seat"."id", "public"."Seat"."seatLabel", "public"."Seat"."rowChar", "public"."Seat"."seatNumber", "public"."Seat"."createdAt" FROM "public"."Seat" WHERE "public"."Seat"."id" IN ($1,$2,$3) OFFSET $4
prisma:query SELECT "public"."Seat"."id", "public"."Seat"."seatLabel", "public"."Seat"."rowChar", "public"."Seat"."seatNumber", "public"."Seat"."createdAt" FROM "public"."Seat" WHERE "public"."Seat"."id" IN ($1,$2,$3) OFFSET $4
prisma:query SELECT "public"."Seat"."id", "public"."Seat"."seatLabel", "public"."Seat"."rowChar", "public"."Seat"."seatNumber", "public"."Seat"."createdAt" FROM "public"."Seat" WHERE "public"."Seat"."id" IN ($1) OFFSET $2
prisma:query SELECT "public"."Seat"."id", "public"."Seat"."seatLabel", "public"."Seat"."rowChar", "public"."Seat"."seatNumber", "public"."Seat"."createdAt" FROM "public"."Seat" WHERE "public"."Seat"."id" IN ($1) OFFSET $2
prisma:query SELECT "public"."Seat"."id", "public"."Seat"."seatLabel", "public"."Seat"."rowChar", "public"."Seat"."seatNumber", "public"."Seat"."createdAt" FROM "public"."Seat" WHERE "public"."Seat"."id" IN ($1) OFFSET $2
prisma:query SELECT "public"."Seat"."id", "public"."Seat"."seatLabel", "public"."Seat"."rowChar", "public"."Seat"."seatNumber", "public"."Seat"."createdAt" FROM "public"."Seat" WHERE "public"."Seat"."id" IN ($1,$2,$3) OFFSET $4
prisma:query SELECT "public"."Seat"."id", "public"."Seat"."seatLabel", "public"."Seat"."rowChar", "public"."Seat"."seatNumber", "public"."Seat"."createdAt" FROM "public"."Seat" WHERE "public"."Seat"."id" IN ($1,$2) OFFSET $3
prisma:query SELECT "public"."Seat"."id", "public"."Seat"."seatLabel", "public"."Seat"."rowChar", "public"."Seat"."seatNumber", "public"."Seat"."createdAt" FROM "public"."Seat" WHERE "public"."Seat"."id" IN ($1) OFFSET $2
prisma:query SELECT "public"."Seat"."id", "public"."Seat"."seatLabel", "public"."Seat"."rowChar", "public"."Seat"."seatNumber", "public"."Seat"."createdAt" FROM "public"."Seat" WHERE "public"."Seat"."id" IN ($1,$2,$3) OFFSET $4
prisma:query SELECT "public"."Seat"."id", "public"."Seat"."seatLabel", "public"."Seat"."rowChar", "public"."Seat"."seatNumber", "public"."Seat"."createdAt" FROM "public"."Seat" WHERE "public"."Seat"."id" IN ($1,$2) OFFSET $3
prisma:query SELECT "public"."Seat"."id", "public"."Seat"."seatLabel", "public"."Seat"."rowChar", "public"."Seat"."seatNumber", "public"."Seat"."createdAt" FROM "public"."Seat" WHERE "public"."Seat"."id" IN ($1,$2) OFFSET $3
prisma:query SELECT "public"."Seat"."id", "public"."Seat"."seatLabel", "public"."Seat"."rowChar", "public"."Seat"."seatNumber", "public"."Seat"."createdAt" FROM "public"."Seat" WHERE "public"."Seat"."id" IN ($1,$2,$3) OFFSET $4
prisma:query SELECT "public"."Seat"."id", "public"."Seat"."seatLabel", "public"."Seat"."rowChar", "public"."Seat"."seatNumber", "public"."Seat"."createdAt" FROM "public"."Seat" WHERE "public"."Seat"."id" IN ($1,$2,$3) OFFSET $4
prisma:query SELECT "public"."Seat"."id", "public"."Seat"."seatLabel", "public"."Seat"."rowChar", "public"."Seat"."seatNumber", "public"."Seat"."createdAt" FROM "public"."Seat" WHERE "public"."Seat"."id" IN ($1,$2) OFFSET $3
prisma:query SELECT "public"."Seat"."id", "public"."Seat"."seatLabel", "public"."Seat"."rowChar", "public"."Seat"."seatNumber", "public"."Seat"."createdAt" FROM "public"."Seat" WHERE "public"."Seat"."id" IN ($1) OFFSET $2
prisma:query SELECT "public"."Seat"."id", "public"."Seat"."seatLabel", "public"."Seat"."rowChar", "public"."Seat"."seatNumber", "public"."Seat"."createdAt" FROM "public"."Seat" WHERE "public"."Seat"."id" IN ($1,$2,$3) OFFSET $4
prisma:query SELECT "public"."Seat"."id", "public"."Seat"."seatLabel", "public"."Seat"."rowChar", "public"."Seat"."seatNumber", "public"."Seat"."createdAt" FROM "public"."Seat" WHERE "public"."Seat"."id" IN ($1,$2) OFFSET $3
prisma:query SELECT "public"."Seat"."id", "public"."Seat"."seatLabel", "public"."Seat"."rowChar", "public"."Seat"."seatNumber", "public"."Seat"."createdAt" FROM "public"."Seat" WHERE "public"."Seat"."id" IN ($1) OFFSET $2
prisma:query SELECT "public"."Seat"."id", "public"."Seat"."seatLabel", "public"."Seat"."rowChar", "public"."Seat"."seatNumber", "public"."Seat"."createdAt" FROM "public"."Seat" WHERE "public"."Seat"."id" IN ($1) OFFSET $2
prisma:query SELECT "public"."Seat"."id", "public"."Seat"."seatLabel", "public"."Seat"."rowChar", "public"."Seat"."seatNumber", "public"."Seat"."createdAt" FROM "public"."Seat" WHERE "public"."Seat"."id" IN ($1,$2) OFFSET $3
prisma:query SELECT "public"."Seat"."id", "public"."Seat"."seatLabel", "public"."Seat"."rowChar", "public"."Seat"."seatNumber", "public"."Seat"."createdAt" FROM "public"."Seat" WHERE "public"."Seat"."id" IN ($1,$2) OFFSET $3
prisma:query SELECT "public"."Seat"."id", "public"."Seat"."seatLabel", "public"."Seat"."rowChar", "public"."Seat"."seatNumber", "public"."Seat"."createdAt" FROM "public"."Seat" WHERE "public"."Seat"."id" IN ($1,$2,$3) OFFSET $4
prisma:query SELECT "public"."Seat"."id", "public"."Seat"."seatLabel", "public"."Seat"."rowChar", "public"."Seat"."seatNumber", "public"."Seat"."createdAt" FROM "public"."Seat" WHERE "public"."Seat"."id" IN ($1) OFFSET $2
prisma:query SELECT "public"."Seat"."id", "public"."Seat"."seatLabel", "public"."Seat"."rowChar", "public"."Seat"."seatNumber", "public"."Seat"."createdAt" FROM "public"."Seat" WHERE "public"."Seat"."id" IN ($1,$2,$3) OFFSET $4
prisma:query SELECT "public"."Seat"."id", "public"."Seat"."seatLabel", "public"."Seat"."rowChar", "public"."Seat"."seatNumber", "public"."Seat"."createdAt" FROM "public"."Seat" WHERE "public"."Seat"."id" IN ($1) OFFSET $2
prisma:query SELECT "public"."Seat"."id", "public"."Seat"."seatLabel", "public"."Seat"."rowChar", "public"."Seat"."seatNumber", "public"."Seat"."createdAt" FROM "public"."Seat" WHERE "public"."Seat"."id" IN ($1,$2,$3) OFFSET $4
prisma:query SELECT "public"."Seat"."id", "public"."Seat"."seatLabel", "public"."Seat"."rowChar", "public"."Seat"."seatNumber", "public"."Seat"."createdAt" FROM "public"."Seat" WHERE "public"."Seat"."id" IN ($1) OFFSET $2
prisma:query SELECT "public"."Seat"."id", "public"."Seat"."seatLabel", "public"."Seat"."rowChar", "public"."Seat"."seatNumber", "public"."Seat"."createdAt" FROM "public"."Seat" WHERE "public"."Seat"."id" IN ($1,$2,$3) OFFSET $4
prisma:query SELECT "public"."Seat"."id", "public"."Seat"."seatLabel", "public"."Seat"."rowChar", "public"."Seat"."seatNumber", "public"."Seat"."createdAt" FROM "public"."Seat" WHERE "public"."Seat"."id" IN ($1,$2,$3) OFFSET $4
prisma:query SELECT "public"."Seat"."id", "public"."Seat"."seatLabel", "public"."Seat"."rowChar", "public"."Seat"."seatNumber", "public"."Seat"."createdAt" FROM "public"."Seat" WHERE "public"."Seat"."id" IN ($1,$2) OFFSET $3
prisma:query SELECT "public"."Seat"."id", "public"."Seat"."seatLabel", "public"."Seat"."rowChar", "public"."Seat"."seatNumber", "public"."Seat"."createdAt" FROM "public"."Seat" WHERE "public"."Seat"."id" IN ($1,$2) OFFSET $3
prisma:query SELECT "public"."Seat"."id", "public"."Seat"."seatLabel", "public"."Seat"."rowChar", "public"."Seat"."seatNumber", "public"."Seat"."createdAt" FROM "public"."Seat" WHERE "public"."Seat"."id" IN ($1) OFFSET $2
prisma:query SELECT "public"."Seat"."id", "public"."Seat"."seatLabel", "public"."Seat"."rowChar", "public"."Seat"."seatNumber", "public"."Seat"."createdAt" FROM "public"."Seat" WHERE "public"."Seat"."id" IN ($1,$2,$3) OFFSET $4
prisma:query SELECT "public"."Seat"."id", "public"."Seat"."seatLabel", "public"."Seat"."rowChar", "public"."Seat"."seatNumber", "public"."Seat"."createdAt" FROM "public"."Seat" WHERE "public"."Seat"."id" IN ($1) OFFSET $2
prisma:query SELECT "public"."Seat"."id", "public"."Seat"."seatLabel", "public"."Seat"."rowChar", "public"."Seat"."seatNumber", "public"."Seat"."createdAt" FROM "public"."Seat" WHERE "public"."Seat"."id" IN ($1) OFFSET $2
prisma:query SELECT "public"."Seat"."id", "public"."Seat"."seatLabel", "public"."Seat"."rowChar", "public"."Seat"."seatNumber", "public"."Seat"."createdAt" FROM "public"."Seat" WHERE "public"."Seat"."id" IN ($1,$2) OFFSET $3
prisma:query SELECT "public"."Seat"."id", "public"."Seat"."seatLabel", "public"."Seat"."rowChar", "public"."Seat"."seatNumber", "public"."Seat"."createdAt" FROM "public"."Seat" WHERE "public"."Seat"."id" IN ($1,$2) OFFSET $3
prisma:query SELECT "public"."Seat"."id", "public"."Seat"."seatLabel", "public"."Seat"."rowChar", "public"."Seat"."seatNumber", "public"."Seat"."createdAt" FROM "public"."Seat" WHERE "public"."Seat"."id" IN ($1) OFFSET $2
prisma:query SELECT "public"."Seat"."id", "public"."Seat"."seatLabel", "public"."Seat"."rowChar", "public"."Seat"."seatNumber", "public"."Seat"."createdAt" FROM "public"."Seat" WHERE "public"."Seat"."id" IN ($1) OFFSET $2
prisma:query SELECT "public"."Seat"."id", "public"."Seat"."seatLabel", "public"."Seat"."rowChar", "public"."Seat"."seatNumber", "public"."Seat"."createdAt" FROM "public"."Seat" WHERE "public"."Seat"."id" IN ($1,$2) OFFSET $3
prisma:query SELECT "public"."Seat"."id", "public"."Seat"."seatLabel", "public"."Seat"."rowChar", "public"."Seat"."seatNumber", "public"."Seat"."createdAt" FROM "public"."Seat" WHERE "public"."Seat"."id" IN ($1,$2,$3) OFFSET $4
prisma:query SELECT "public"."Seat"."id", "public"."Seat"."seatLabel", "public"."Seat"."rowChar", "public"."Seat"."seatNumber", "public"."Seat"."createdAt" FROM "public"."Seat" WHERE "public"."Seat"."id" IN ($1) OFFSET $2
prisma:query SELECT "public"."Seat"."id", "public"."Seat"."seatLabel", "public"."Seat"."rowChar", "public"."Seat"."seatNumber", "public"."Seat"."createdAt" FROM "public"."Seat" WHERE "public"."Seat"."id" IN ($1) OFFSET $2
prisma:query SELECT "public"."Seat"."id", "public"."Seat"."seatLabel", "public"."Seat"."rowChar", "public"."Seat"."seatNumber", "public"."Seat"."createdAt" FROM "public"."Seat" WHERE "public"."Seat"."id" IN ($1,$2,$3) OFFSET $4
prisma:query SELECT "public"."Seat"."id", "public"."Seat"."seatLabel", "public"."Seat"."rowChar", "public"."Seat"."seatNumber", "public"."Seat"."createdAt" FROM "public"."Seat" WHERE "public"."Seat"."id" IN ($1) OFFSET $2
prisma:query SELECT "public"."Seat"."id", "public"."Seat"."seatLabel", "public"."Seat"."rowChar", "public"."Seat"."seatNumber", "public"."Seat"."createdAt" FROM "public"."Seat" WHERE "public"."Seat"."id" IN ($1) OFFSET $2
prisma:query SELECT "public"."Seat"."id", "public"."Seat"."seatLabel", "public"."Seat"."rowChar", "public"."Seat"."seatNumber", "public"."Seat"."createdAt" FROM "public"."Seat" WHERE "public"."Seat"."id" IN ($1) OFFSET $2
prisma:query SELECT "public"."Seat"."id", "public"."Seat"."seatLabel", "public"."Seat"."rowChar", "public"."Seat"."seatNumber", "public"."Seat"."createdAt" FROM "public"."Seat" WHERE "public"."Seat"."id" IN ($1,$2) OFFSET $3
prisma:query SELECT "public"."Seat"."id", "public"."Seat"."seatLabel", "public"."Seat"."rowChar", "public"."Seat"."seatNumber", "public"."Seat"."createdAt" FROM "public"."Seat" WHERE "public"."Seat"."id" IN ($1) OFFSET $2
prisma:query SELECT "public"."Seat"."id", "public"."Seat"."seatLabel", "public"."Seat"."rowChar", "public"."Seat"."seatNumber", "public"."Seat"."createdAt" FROM "public"."Seat" WHERE "public"."Seat"."id" IN ($1,$2) OFFSET $3
prisma:query SELECT "public"."Seat"."id", "public"."Seat"."seatLabel", "public"."Seat"."rowChar", "public"."Seat"."seatNumber", "public"."Seat"."createdAt" FROM "public"."Seat" WHERE "public"."Seat"."id" IN ($1,$2,$3) OFFSET $4
prisma:query SELECT "public"."Seat"."id", "public"."Seat"."seatLabel", "public"."Seat"."rowChar", "public"."Seat"."seatNumber", "public"."Seat"."createdAt" FROM "public"."Seat" WHERE "public"."Seat"."id" IN ($1) OFFSET $2
prisma:query SELECT "public"."Seat"."id", "public"."Seat"."seatLabel", "public"."Seat"."rowChar", "public"."Seat"."seatNumber", "public"."Seat"."createdAt" FROM "public"."Seat" WHERE "public"."Seat"."id" IN ($1) OFFSET $2
prisma:query SELECT "public"."Seat"."id", "public"."Seat"."seatLabel", "public"."Seat"."rowChar", "public"."Seat"."seatNumber", "public"."Seat"."createdAt" FROM "public"."Seat" WHERE "public"."Seat"."id" IN ($1) OFFSET $2
prisma:query SELECT "public"."Seat"."id", "public"."Seat"."seatLabel", "public"."Seat"."rowChar", "public"."Seat"."seatNumber", "public"."Seat"."createdAt" FROM "public"."Seat" WHERE "public"."Seat"."id" IN ($1,$2,$3) OFFSET $4
prisma:query SELECT "public"."Seat"."id", "public"."Seat"."seatLabel", "public"."Seat"."rowChar", "public"."Seat"."seatNumber", "public"."Seat"."createdAt" FROM "public"."Seat" WHERE "public"."Seat"."id" IN ($1,$2) OFFSET $3
prisma:query SELECT "public"."Seat"."id", "public"."Seat"."seatLabel", "public"."Seat"."rowChar", "public"."Seat"."seatNumber", "public"."Seat"."createdAt" FROM "public"."Seat" WHERE "public"."Seat"."id" IN ($1) OFFSET $2
prisma:query SELECT "public"."Seat"."id", "public"."Seat"."seatLabel", "public"."Seat"."rowChar", "public"."Seat"."seatNumber", "public"."Seat"."createdAt" FROM "public"."Seat" WHERE "public"."Seat"."id" IN ($1) OFFSET $2
prisma:query SELECT "public"."Seat"."id", "public"."Seat"."seatLabel", "public"."Seat"."rowChar", "public"."Seat"."seatNumber", "public"."Seat"."createdAt" FROM "public"."Seat" WHERE "public"."Seat"."id" IN ($1,$2) OFFSET $3
prisma:query SELECT "public"."Seat"."id", "public"."Seat"."seatLabel", "public"."Seat"."rowChar", "public"."Seat"."seatNumber", "public"."Seat"."createdAt" FROM "public"."Seat" WHERE "public"."Seat"."id" IN ($1,$2,$3) OFFSET $4
prisma:query SELECT "public"."Seat"."id", "public"."Seat"."seatLabel", "public"."Seat"."rowChar", "public"."Seat"."seatNumber", "public"."Seat"."createdAt" FROM "public"."Seat" WHERE "public"."Seat"."id" IN ($1) OFFSET $2
prisma:query SELECT "public"."Seat"."id", "public"."Seat"."seatLabel", "public"."Seat"."rowChar", "public"."Seat"."seatNumber", "public"."Seat"."createdAt" FROM "public"."Seat" WHERE "public"."Seat"."id" IN ($1) OFFSET $2
prisma:query SELECT "public"."Seat"."id", "public"."Seat"."seatLabel", "public"."Seat"."rowChar", "public"."Seat"."seatNumber", "public"."Seat"."createdAt" FROM "public"."Seat" WHERE "public"."Seat"."id" IN ($1,$2) OFFSET $3
prisma:query SELECT "public"."Seat"."id", "public"."Seat"."seatLabel", "public"."Seat"."rowChar", "public"."Seat"."seatNumber", "public"."Seat"."createdAt" FROM "public"."Seat" WHERE "public"."Seat"."id" IN ($1,$2,$3) OFFSET $4
prisma:query SELECT "public"."Seat"."id", "public"."Seat"."seatLabel", "public"."Seat"."rowChar", "public"."Seat"."seatNumber", "public"."Seat"."createdAt" FROM "public"."Seat" WHERE "public"."Seat"."id" IN ($1) OFFSET $2
prisma:query SELECT "public"."Seat"."id", "public"."Seat"."seatLabel", "public"."Seat"."rowChar", "public"."Seat"."seatNumber", "public"."Seat"."createdAt" FROM "public"."Seat" WHERE "public"."Seat"."id" IN ($1,$2) OFFSET $3
prisma:query SELECT "public"."Seat"."id", "public"."Seat"."seatLabel", "public"."Seat"."rowChar", "public"."Seat"."seatNumber", "public"."Seat"."createdAt" FROM "public"."Seat" WHERE "public"."Seat"."id" IN ($1,$2,$3) OFFSET $4
prisma:query SELECT "public"."Seat"."id", "public"."Seat"."seatLabel", "public"."Seat"."rowChar", "public"."Seat"."seatNumber", "public"."Seat"."createdAt" FROM "public"."Seat" WHERE "public"."Seat"."id" IN ($1) OFFSET $2
prisma:query SELECT "public"."Seat"."id", "public"."Seat"."seatLabel", "public"."Seat"."rowChar", "public"."Seat"."seatNumber", "public"."Seat"."createdAt" FROM "public"."Seat" WHERE "public"."Seat"."id" IN ($1,$2) OFFSET $3
prisma:query SELECT "public"."Seat"."id", "public"."Seat"."seatLabel", "public"."Seat"."rowChar", "public"."Seat"."seatNumber", "public"."Seat"."createdAt" FROM "public"."Seat" WHERE "public"."Seat"."id" IN ($1,$2) OFFSET $3
prisma:query SELECT "public"."Seat"."id", "public"."Seat"."seatLabel", "public"."Seat"."rowChar", "public"."Seat"."seatNumber", "public"."Seat"."createdAt" FROM "public"."Seat" WHERE "public"."Seat"."id" IN ($1,$2,$3) OFFSET $4
prisma:query SELECT "public"."Seat"."id", "public"."Seat"."seatLabel", "public"."Seat"."rowChar", "public"."Seat"."seatNumber", "public"."Seat"."createdAt" FROM "public"."Seat" WHERE "public"."Seat"."id" IN ($1,$2) OFFSET $3
prisma:query SELECT "public"."Seat"."id", "public"."Seat"."seatLabel", "public"."Seat"."rowChar", "public"."Seat"."seatNumber", "public"."Seat"."createdAt" FROM "public"."Seat" WHERE "public"."Seat"."id" IN ($1,$2) OFFSET $3
prisma:query SELECT "public"."Seat"."id", "public"."Seat"."seatLabel", "public"."Seat"."rowChar", "public"."Seat"."seatNumber", "public"."Seat"."createdAt" FROM "public"."Seat" WHERE "public"."Seat"."id" IN ($1,$2) OFFSET $3
prisma:query SELECT "public"."Seat"."id", "public"."Seat"."seatLabel", "public"."Seat"."rowChar", "public"."Seat"."seatNumber", "public"."Seat"."createdAt" FROM "public"."Seat" WHERE "public"."Seat"."id" IN ($1) OFFSET $2
prisma:query SELECT "public"."Seat"."id", "public"."Seat"."seatLabel", "public"."Seat"."rowChar", "public"."Seat"."seatNumber", "public"."Seat"."createdAt" FROM "public"."Seat" WHERE "public"."Seat"."id" IN ($1,$2,$3) OFFSET $4
prisma:query SELECT "public"."Seat"."id", "public"."Seat"."seatLabel", "public"."Seat"."rowChar", "public"."Seat"."seatNumber", "public"."Seat"."createdAt" FROM "public"."Seat" WHERE "public"."Seat"."id" IN ($1) OFFSET $2
prisma:query SELECT "public"."Seat"."id", "public"."Seat"."seatLabel", "public"."Seat"."rowChar", "public"."Seat"."seatNumber", "public"."Seat"."createdAt" FROM "public"."Seat" WHERE "public"."Seat"."id" IN ($1,$2,$3) OFFSET $4
prisma:query SELECT "public"."Seat"."id", "public"."Seat"."seatLabel", "public"."Seat"."rowChar", "public"."Seat"."seatNumber", "public"."Seat"."createdAt" FROM "public"."Seat" WHERE "public"."Seat"."id" IN ($1,$2) OFFSET $3
prisma:query SELECT "public"."Seat"."id", "public"."Seat"."seatLabel", "public"."Seat"."rowChar", "public"."Seat"."seatNumber", "public"."Seat"."createdAt" FROM "public"."Seat" WHERE "public"."Seat"."id" IN ($1) OFFSET $2
prisma:query SELECT "public"."Seat"."id", "public"."Seat"."seatLabel", "public"."Seat"."rowChar", "public"."Seat"."seatNumber", "public"."Seat"."createdAt" FROM "public"."Seat" WHERE "public"."Seat"."id" IN ($1,$2,$3) OFFSET $4
prisma:query SELECT "public"."Seat"."id", "public"."Seat"."seatLabel", "public"."Seat"."rowChar", "public"."Seat"."seatNumber", "public"."Seat"."createdAt" FROM "public"."Seat" WHERE "public"."Seat"."id" IN ($1,$2) OFFSET $3
prisma:query SELECT "public"."Seat"."id", "public"."Seat"."seatLabel", "public"."Seat"."rowChar", "public"."Seat"."seatNumber", "public"."Seat"."createdAt" FROM "public"."Seat" WHERE "public"."Seat"."id" IN ($1,$2) OFFSET $3
prisma:query SELECT "public"."Seat"."id", "public"."Seat"."seatLabel", "public"."Seat"."rowChar", "public"."Seat"."seatNumber", "public"."Seat"."createdAt" FROM "public"."Seat" WHERE "public"."Seat"."id" IN ($1,$2,$3) OFFSET $4
prisma:query SELECT "public"."Seat"."id", "public"."Seat"."seatLabel", "public"."Seat"."rowChar", "public"."Seat"."seatNumber", "public"."Seat"."createdAt" FROM "public"."Seat" WHERE "public"."Seat"."id" IN ($1) OFFSET $2
prisma:query SELECT "public"."Seat"."id", "public"."Seat"."seatLabel", "public"."Seat"."rowChar", "public"."Seat"."seatNumber", "public"."Seat"."createdAt" FROM "public"."Seat" WHERE "public"."Seat"."id" IN ($1,$2) OFFSET $3
prisma:query SELECT "public"."Seat"."id", "public"."Seat"."seatLabel", "public"."Seat"."rowChar", "public"."Seat"."seatNumber", "public"."Seat"."createdAt" FROM "public"."Seat" WHERE "public"."Seat"."id" IN ($1) OFFSET $2
prisma:query SELECT "public"."Seat"."id", "public"."Seat"."seatLabel", "public"."Seat"."rowChar", "public"."Seat"."seatNumber", "public"."Seat"."createdAt" FROM "public"."Seat" WHERE "public"."Seat"."id" IN ($1) OFFSET $2
prisma:query SELECT "public"."Seat"."id", "public"."Seat"."seatLabel", "public"."Seat"."rowChar", "public"."Seat"."seatNumber", "public"."Seat"."createdAt" FROM "public"."Seat" WHERE "public"."Seat"."id" IN ($1,$2,$3) OFFSET $4
prisma:query SELECT "public"."Seat"."id", "public"."Seat"."seatLabel", "public"."Seat"."rowChar", "public"."Seat"."seatNumber", "public"."Seat"."createdAt" FROM "public"."Seat" WHERE "public"."Seat"."id" IN ($1,$2) OFFSET $3
prisma:query SELECT "public"."Seat"."id", "public"."Seat"."seatLabel", "public"."Seat"."rowChar", "public"."Seat"."seatNumber", "public"."Seat"."createdAt" FROM "public"."Seat" WHERE "public"."Seat"."id" IN ($1,$2,$3) OFFSET $4
prisma:query SELECT "public"."Seat"."id", "public"."Seat"."seatLabel", "public"."Seat"."rowChar", "public"."Seat"."seatNumber", "public"."Seat"."createdAt" FROM "public"."Seat" WHERE "public"."Seat"."id" IN ($1,$2) OFFSET $3
prisma:query SELECT "public"."Seat"."id", "public"."Seat"."seatLabel", "public"."Seat"."rowChar", "public"."Seat"."seatNumber", "public"."Seat"."createdAt" FROM "public"."Seat" WHERE "public"."Seat"."id" IN ($1,$2) OFFSET $3
prisma:query SELECT "public"."Seat"."id", "public"."Seat"."seatLabel", "public"."Seat"."rowChar", "public"."Seat"."seatNumber", "public"."Seat"."createdAt" FROM "public"."Seat" WHERE "public"."Seat"."id" IN ($1,$2) OFFSET $3
prisma:query SELECT "public"."Seat"."id", "public"."Seat"."seatLabel", "public"."Seat"."rowChar", "public"."Seat"."seatNumber", "public"."Seat"."createdAt" FROM "public"."Seat" WHERE "public"."Seat"."id" IN ($1,$2) OFFSET $3
prisma:query SELECT "public"."Seat"."id", "public"."Seat"."seatLabel", "public"."Seat"."rowChar", "public"."Seat"."seatNumber", "public"."Seat"."createdAt" FROM "public"."Seat" WHERE "public"."Seat"."id" IN ($1) OFFSET $2
prisma:query SELECT "public"."Seat"."id", "public"."Seat"."seatLabel", "public"."Seat"."rowChar", "public"."Seat"."seatNumber", "public"."Seat"."createdAt" FROM "public"."Seat" WHERE "public"."Seat"."id" IN ($1) OFFSET $2
prisma:query SELECT "public"."Seat"."id", "public"."Seat"."seatLabel", "public"."Seat"."rowChar", "public"."Seat"."seatNumber", "public"."Seat"."createdAt" FROM "public"."Seat" WHERE "public"."Seat"."id" IN ($1,$2,$3) OFFSET $4
prisma:query SELECT "public"."Seat"."id", "public"."Seat"."seatLabel", "public"."Seat"."rowChar", "public"."Seat"."seatNumber", "public"."Seat"."createdAt" FROM "public"."Seat" WHERE "public"."Seat"."id" IN ($1,$2) OFFSET $3
prisma:query SELECT "public"."Seat"."id", "public"."Seat"."seatLabel", "public"."Seat"."rowChar", "public"."Seat"."seatNumber", "public"."Seat"."createdAt" FROM "public"."Seat" WHERE "public"."Seat"."id" IN ($1,$2,$3) OFFSET $4
prisma:query SELECT "public"."Seat"."id", "public"."Seat"."seatLabel", "public"."Seat"."rowChar", "public"."Seat"."seatNumber", "public"."Seat"."createdAt" FROM "public"."Seat" WHERE "public"."Seat"."id" IN ($1,$2) OFFSET $3
prisma:query SELECT "public"."Seat"."id", "public"."Seat"."seatLabel", "public"."Seat"."rowChar", "public"."Seat"."seatNumber", "public"."Seat"."createdAt" FROM "public"."Seat" WHERE "public"."Seat"."id" IN ($1) OFFSET $2
prisma:query SELECT "public"."Seat"."id", "public"."Seat"."seatLabel", "public"."Seat"."rowChar", "public"."Seat"."seatNumber", "public"."Seat"."createdAt" FROM "public"."Seat" WHERE "public"."Seat"."id" IN ($1,$2) OFFSET $3
prisma:query SELECT "public"."Seat"."id", "public"."Seat"."seatLabel", "public"."Seat"."rowChar", "public"."Seat"."seatNumber", "public"."Seat"."createdAt" FROM "public"."Seat" WHERE "public"."Seat"."id" IN ($1) OFFSET $2
prisma:query SELECT "public"."Seat"."id", "public"."Seat"."seatLabel", "public"."Seat"."rowChar", "public"."Seat"."seatNumber", "public"."Seat"."createdAt" FROM "public"."Seat" WHERE "public"."Seat"."id" IN ($1) OFFSET $2
prisma:query SELECT "public"."Seat"."id", "public"."Seat"."seatLabel", "public"."Seat"."rowChar", "public"."Seat"."seatNumber", "public"."Seat"."createdAt" FROM "public"."Seat" WHERE "public"."Seat"."id" IN ($1,$2) OFFSET $3
prisma:query SELECT "public"."Seat"."id", "public"."Seat"."seatLabel", "public"."Seat"."rowChar", "public"."Seat"."seatNumber", "public"."Seat"."createdAt" FROM "public"."Seat" WHERE "public"."Seat"."id" IN ($1,$2) OFFSET $3
prisma:query SELECT "public"."Seat"."id", "public"."Seat"."seatLabel", "public"."Seat"."rowChar", "public"."Seat"."seatNumber", "public"."Seat"."createdAt" FROM "public"."Seat" WHERE "public"."Seat"."id" IN ($1,$2) OFFSET $3
prisma:query SELECT "public"."Seat"."id", "public"."Seat"."seatLabel", "public"."Seat"."rowChar", "public"."Seat"."seatNumber", "public"."Seat"."createdAt" FROM "public"."Seat" WHERE "public"."Seat"."id" IN ($1,$2,$3) OFFSET $4
prisma:query SELECT "public"."Seat"."id", "public"."Seat"."seatLabel", "public"."Seat"."rowChar", "public"."Seat"."seatNumber", "public"."Seat"."createdAt" FROM "public"."Seat" WHERE "public"."Seat"."id" IN ($1,$2,$3) OFFSET $4
prisma:query SELECT "public"."Seat"."id", "public"."Seat"."seatLabel", "public"."Seat"."rowChar", "public"."Seat"."seatNumber", "public"."Seat"."createdAt" FROM "public"."Seat" WHERE "public"."Seat"."id" IN ($1) OFFSET $2
prisma:query SELECT "public"."Seat"."id", "public"."Seat"."seatLabel", "public"."Seat"."rowChar", "public"."Seat"."seatNumber", "public"."Seat"."createdAt" FROM "public"."Seat" WHERE "public"."Seat"."id" IN ($1,$2) OFFSET $3
prisma:query SELECT "public"."Seat"."id", "public"."Seat"."seatLabel", "public"."Seat"."rowChar", "public"."Seat"."seatNumber", "public"."Seat"."createdAt" FROM "public"."Seat" WHERE "public"."Seat"."id" IN ($1,$2,$3) OFFSET $4
prisma:query SELECT "public"."Seat"."id", "public"."Seat"."seatLabel", "public"."Seat"."rowChar", "public"."Seat"."seatNumber", "public"."Seat"."createdAt" FROM "public"."Seat" WHERE "public"."Seat"."id" IN ($1,$2) OFFSET $3
prisma:query SELECT "public"."Seat"."id", "public"."Seat"."seatLabel", "public"."Seat"."rowChar", "public"."Seat"."seatNumber", "public"."Seat"."createdAt" FROM "public"."Seat" WHERE "public"."Seat"."id" IN ($1,$2,$3) OFFSET $4
prisma:query SELECT "public"."Seat"."id", "public"."Seat"."seatLabel", "public"."Seat"."rowChar", "public"."Seat"."seatNumber", "public"."Seat"."createdAt" FROM "public"."Seat" WHERE "public"."Seat"."id" IN ($1,$2,$3) OFFSET $4
prisma:query SELECT "public"."Seat"."id", "public"."Seat"."seatLabel", "public"."Seat"."rowChar", "public"."Seat"."seatNumber", "public"."Seat"."createdAt" FROM "public"."Seat" WHERE "public"."Seat"."id" IN ($1) OFFSET $2
prisma:query SELECT "public"."Seat"."id", "public"."Seat"."seatLabel", "public"."Seat"."rowChar", "public"."Seat"."seatNumber", "public"."Seat"."createdAt" FROM "public"."Seat" WHERE "public"."Seat"."id" IN ($1) OFFSET $2
prisma:query SELECT "public"."Seat"."id", "public"."Seat"."seatLabel", "public"."Seat"."rowChar", "public"."Seat"."seatNumber", "public"."Seat"."createdAt" FROM "public"."Seat" WHERE "public"."Seat"."id" IN ($1,$2) OFFSET $3
prisma:query SELECT "public"."Seat"."id", "public"."Seat"."seatLabel", "public"."Seat"."rowChar", "public"."Seat"."seatNumber", "public"."Seat"."createdAt" FROM "public"."Seat" WHERE "public"."Seat"."id" IN ($1,$2) OFFSET $3
prisma:query SELECT "public"."Seat"."id", "public"."Seat"."seatLabel", "public"."Seat"."rowChar", "public"."Seat"."seatNumber", "public"."Seat"."createdAt" FROM "public"."Seat" WHERE "public"."Seat"."id" IN ($1,$2,$3) OFFSET $4
prisma:query SELECT "public"."Seat"."id", "public"."Seat"."seatLabel", "public"."Seat"."rowChar", "public"."Seat"."seatNumber", "public"."Seat"."createdAt" FROM "public"."Seat" WHERE "public"."Seat"."id" IN ($1,$2,$3) OFFSET $4
prisma:query SELECT "public"."Seat"."id", "public"."Seat"."seatLabel", "public"."Seat"."rowChar", "public"."Seat"."seatNumber", "public"."Seat"."createdAt" FROM "public"."Seat" WHERE "public"."Seat"."id" IN ($1) OFFSET $2
prisma:query SELECT "public"."Seat"."id", "public"."Seat"."seatLabel", "public"."Seat"."rowChar", "public"."Seat"."seatNumber", "public"."Seat"."createdAt" FROM "public"."Seat" WHERE "public"."Seat"."id" IN ($1,$2,$3) OFFSET $4
prisma:query SELECT "public"."Seat"."id", "public"."Seat"."seatLabel", "public"."Seat"."rowChar", "public"."Seat"."seatNumber", "public"."Seat"."createdAt" FROM "public"."Seat" WHERE "public"."Seat"."id" IN ($1) OFFSET $2
prisma:query SELECT "public"."Seat"."id", "public"."Seat"."seatLabel", "public"."Seat"."rowChar", "public"."Seat"."seatNumber", "public"."Seat"."createdAt" FROM "public"."Seat" WHERE "public"."Seat"."id" IN ($1,$2,$3) OFFSET $4
prisma:query SELECT "public"."Seat"."id", "public"."Seat"."seatLabel", "public"."Seat"."rowChar", "public"."Seat"."seatNumber", "public"."Seat"."createdAt" FROM "public"."Seat" WHERE "public"."Seat"."id" IN ($1,$2) OFFSET $3
prisma:query SELECT "public"."Seat"."id", "public"."Seat"."seatLabel", "public"."Seat"."rowChar", "public"."Seat"."seatNumber", "public"."Seat"."createdAt" FROM "public"."Seat" WHERE "public"."Seat"."id" IN ($1) OFFSET $2
prisma:query SELECT "public"."Seat"."id", "public"."Seat"."seatLabel", "public"."Seat"."rowChar", "public"."Seat"."seatNumber", "public"."Seat"."createdAt" FROM "public"."Seat" WHERE "public"."Seat"."id" IN ($1,$2) OFFSET $3
prisma:query SELECT "public"."Seat"."id", "public"."Seat"."seatLabel", "public"."Seat"."rowChar", "public"."Seat"."seatNumber", "public"."Seat"."createdAt" FROM "public"."Seat" WHERE "public"."Seat"."id" IN ($1,$2) OFFSET $3
prisma:query SELECT "public"."Seat"."id", "public"."Seat"."seatLabel", "public"."Seat"."rowChar", "public"."Seat"."seatNumber", "public"."Seat"."createdAt" FROM "public"."Seat" WHERE "public"."Seat"."id" IN ($1,$2) OFFSET $3
prisma:query SELECT "public"."Seat"."id", "public"."Seat"."seatLabel", "public"."Seat"."rowChar", "public"."Seat"."seatNumber", "public"."Seat"."createdAt" FROM "public"."Seat" WHERE "public"."Seat"."id" IN ($1,$2) OFFSET $3
prisma:query SELECT "public"."Seat"."id", "public"."Seat"."seatLabel", "public"."Seat"."rowChar", "public"."Seat"."seatNumber", "public"."Seat"."createdAt" FROM "public"."Seat" WHERE "public"."Seat"."id" IN ($1) OFFSET $2
prisma:query SELECT "public"."Seat"."id", "public"."Seat"."seatLabel", "public"."Seat"."rowChar", "public"."Seat"."seatNumber", "public"."Seat"."createdAt" FROM "public"."Seat" WHERE "public"."Seat"."id" IN ($1,$2) OFFSET $3
prisma:query SELECT "public"."Seat"."id", "public"."Seat"."seatLabel", "public"."Seat"."rowChar", "public"."Seat"."seatNumber", "public"."Seat"."createdAt" FROM "public"."Seat" WHERE "public"."Seat"."id" IN ($1,$2) OFFSET $3
prisma:query SELECT "public"."Seat"."id", "public"."Seat"."seatLabel", "public"."Seat"."rowChar", "public"."Seat"."seatNumber", "public"."Seat"."createdAt" FROM "public"."Seat" WHERE "public"."Seat"."id" IN ($1,$2) OFFSET $3
prisma:query SELECT "public"."Seat"."id", "public"."Seat"."seatLabel", "public"."Seat"."rowChar", "public"."Seat"."seatNumber", "public"."Seat"."createdAt" FROM "public"."Seat" WHERE "public"."Seat"."id" IN ($1) OFFSET $2
prisma:query SELECT "public"."Seat"."id", "public"."Seat"."seatLabel", "public"."Seat"."rowChar", "public"."Seat"."seatNumber", "public"."Seat"."createdAt" FROM "public"."Seat" WHERE "public"."Seat"."id" IN ($1,$2,$3) OFFSET $4
prisma:query SELECT "public"."Seat"."id", "public"."Seat"."seatLabel", "public"."Seat"."rowChar", "public"."Seat"."seatNumber", "public"."Seat"."createdAt" FROM "public"."Seat" WHERE "public"."Seat"."id" IN ($1) OFFSET $2
prisma:query SELECT "public"."Seat"."id", "public"."Seat"."seatLabel", "public"."Seat"."rowChar", "public"."Seat"."seatNumber", "public"."Seat"."createdAt" FROM "public"."Seat" WHERE "public"."Seat"."id" IN ($1,$2) OFFSET $3
prisma:query SELECT "public"."Seat"."id", "public"."Seat"."seatLabel", "public"."Seat"."rowChar", "public"."Seat"."seatNumber", "public"."Seat"."createdAt" FROM "public"."Seat" WHERE "public"."Seat"."id" IN ($1) OFFSET $2
prisma:query SELECT "public"."Seat"."id", "public"."Seat"."seatLabel", "public"."Seat"."rowChar", "public"."Seat"."seatNumber", "public"."Seat"."createdAt" FROM "public"."Seat" WHERE "public"."Seat"."id" IN ($1,$2) OFFSET $3
prisma:query SELECT "public"."Seat"."id", "public"."Seat"."seatLabel", "public"."Seat"."rowChar", "public"."Seat"."seatNumber", "public"."Seat"."createdAt" FROM "public"."Seat" WHERE "public"."Seat"."id" IN ($1,$2,$3) OFFSET $4
prisma:query SELECT "public"."Seat"."id", "public"."Seat"."seatLabel", "public"."Seat"."rowChar", "public"."Seat"."seatNumber", "public"."Seat"."createdAt" FROM "public"."Seat" WHERE "public"."Seat"."id" IN ($1,$2) OFFSET $3
prisma:query SELECT "public"."Seat"."id", "public"."Seat"."seatLabel", "public"."Seat"."rowChar", "public"."Seat"."seatNumber", "public"."Seat"."createdAt" FROM "public"."Seat" WHERE "public"."Seat"."id" IN ($1) OFFSET $2
prisma:query SELECT "public"."Seat"."id", "public"."Seat"."seatLabel", "public"."Seat"."rowChar", "public"."Seat"."seatNumber", "public"."Seat"."createdAt" FROM "public"."Seat" WHERE "public"."Seat"."id" IN ($1,$2,$3) OFFSET $4
prisma:query SELECT "public"."Seat"."id", "public"."Seat"."seatLabel", "public"."Seat"."rowChar", "public"."Seat"."seatNumber", "public"."Seat"."createdAt" FROM "public"."Seat" WHERE "public"."Seat"."id" IN ($1,$2) OFFSET $3
prisma:query SELECT "public"."Seat"."id", "public"."Seat"."seatLabel", "public"."Seat"."rowChar", "public"."Seat"."seatNumber", "public"."Seat"."createdAt" FROM "public"."Seat" WHERE "public"."Seat"."id" IN ($1,$2) OFFSET $3
prisma:query SELECT "public"."Seat"."id", "public"."Seat"."seatLabel", "public"."Seat"."rowChar", "public"."Seat"."seatNumber", "public"."Seat"."createdAt" FROM "public"."Seat" WHERE "public"."Seat"."id" IN ($1) OFFSET $2
prisma:query SELECT "public"."Seat"."id", "public"."Seat"."seatLabel", "public"."Seat"."rowChar", "public"."Seat"."seatNumber", "public"."Seat"."createdAt" FROM "public"."Seat" WHERE "public"."Seat"."id" IN ($1,$2,$3) OFFSET $4
prisma:query SELECT "public"."Seat"."id", "public"."Seat"."seatLabel", "public"."Seat"."rowChar", "public"."Seat"."seatNumber", "public"."Seat"."createdAt" FROM "public"."Seat" WHERE "public"."Seat"."id" IN ($1,$2) OFFSET $3
prisma:query SELECT "public"."Seat"."id", "public"."Seat"."seatLabel", "public"."Seat"."rowChar", "public"."Seat"."seatNumber", "public"."Seat"."createdAt" FROM "public"."Seat" WHERE "public"."Seat"."id" IN ($1,$2) OFFSET $3
prisma:query SELECT "public"."Seat"."id", "public"."Seat"."seatLabel", "public"."Seat"."rowChar", "public"."Seat"."seatNumber", "public"."Seat"."createdAt" FROM "public"."Seat" WHERE "public"."Seat"."id" IN ($1) OFFSET $2
prisma:query SELECT "public"."Seat"."id", "public"."Seat"."seatLabel", "public"."Seat"."rowChar", "public"."Seat"."seatNumber", "public"."Seat"."createdAt" FROM "public"."Seat" WHERE "public"."Seat"."id" IN ($1,$2,$3) OFFSET $4
prisma:query SELECT "public"."Seat"."id", "public"."Seat"."seatLabel", "public"."Seat"."rowChar", "public"."Seat"."seatNumber", "public"."Seat"."createdAt" FROM "public"."Seat" WHERE "public"."Seat"."id" IN ($1) OFFSET $2
prisma:query SELECT "public"."Seat"."id", "public"."Seat"."seatLabel", "public"."Seat"."rowChar", "public"."Seat"."seatNumber", "public"."Seat"."createdAt" FROM "public"."Seat" WHERE "public"."Seat"."id" IN ($1,$2) OFFSET $3
prisma:query SELECT "public"."Seat"."id", "public"."Seat"."seatLabel", "public"."Seat"."rowChar", "public"."Seat"."seatNumber", "public"."Seat"."createdAt" FROM "public"."Seat" WHERE "public"."Seat"."id" IN ($1,$2,$3) OFFSET $4
 POST /api/simulation 200 in 56s (next.js: 4ms, application-code: 56s)
prisma:query SELECT COUNT(*) AS "_count$_all" FROM (SELECT "public"."Seat"."id" FROM "public"."Seat" WHERE 1=1 OFFSET $1) AS "sub"
prisma:query SELECT "public"."Seat"."id", "public"."Seat"."seatLabel", "public"."Seat"."rowChar", "public"."Seat"."seatNumber", "public"."Seat"."createdAt" FROM "public"."Seat" WHERE 1=1 ORDER BY "public"."Seat"."rowChar" ASC, "public"."Seat"."seatNumber" ASC OFFSET $1
prisma:query SELECT "public"."ReservationSeat"."id", "public"."ReservationSeat"."reservationId", "public"."ReservationSeat"."seatId", "public"."ReservationSeat"."createdAt" FROM "public"."ReservationSeat" WHERE "public"."ReservationSeat"."seatId" IN ($1,$2,$3,$4,$5,$6,$7,$8,$9,$10,$11,$12,$13,$14,$15,$16,$17,$18,$19,$20,$21,$22,$23,$24,$25,$26,$27,$28,$29,$30,$31,$32,$33,$34,$35,$36,$37,$38,$39,$40,$41,$42,$43,$44,$45,$46,$47,$48,$49,$50) ORDER BY "public"."ReservationSeat"."id" ASC OFFSET $51
prisma:query SELECT "public"."Reservation"."id", "public"."Reservation"."userId", "public"."Reservation"."createdAt" FROM "public"."Reservation" WHERE "public"."Reservation"."id" IN ($1,$2,$3,$4) OFFSET $5
prisma:query SELECT "public"."User"."id", "public"."User"."email", "public"."User"."name" FROM "public"."User" WHERE "public"."User"."id" IN ($1,$2,$3) OFFSET $4
 GET /api/seats 200 in 12.5s (next.js: 5ms, application-code: 12.5s)
prisma:query SELECT COUNT(*) AS "_count$_all" FROM (SELECT "public"."Seat"."id" FROM "public"."Seat" WHERE 1=1 OFFSET $1) AS "sub"
prisma:query SELECT "public"."Seat"."id", "public"."Seat"."seatLabel", "public"."Seat"."rowChar", "public"."Seat"."seatNumber", "public"."Seat"."createdAt" FROM "public"."Seat" WHERE 1=1 ORDER BY "public"."Seat"."rowChar" ASC, "public"."Seat"."seatNumber" ASC OFFSET $1
prisma:query SELECT "public"."ReservationSeat"."id", "public"."ReservationSeat"."reservationId", "public"."ReservationSeat"."seatId", "public"."ReservationSeat"."createdAt" FROM "public"."ReservationSeat" WHERE "public"."ReservationSeat"."seatId" IN ($1,$2,$3,$4,$5,$6,$7,$8,$9,$10,$11,$12,$13,$14,$15,$16,$17,$18,$19,$20,$21,$22,$23,$24,$25,$26,$27,$28,$29,$30,$31,$32,$33,$34,$35,$36,$37,$38,$39,$40,$41,$42,$43,$44,$45,$46,$47,$48,$49,$50) ORDER BY "public"."ReservationSeat"."id" ASC OFFSET $51
prisma:query SELECT "public"."Reservation"."id", "public"."Reservation"."userId", "public"."Reservation"."createdAt" FROM "public"."Reservation" WHERE "public"."Reservation"."id" IN ($1,$2,$3,$4) OFFSET $5
prisma:query SELECT "public"."User"."id", "public"."User"."email", "public"."User"."name" FROM "public"."User" WHERE "public"."User"."id" IN ($1,$2,$3) OFFSET $4
 GET /api/seats 200 in 2.1s (next.js: 8ms, application-code: 2.0s)

F:\Projects\Software Orbits\sotest>